date,sales_total,sell_price,snap_CA,sales_lag_1,sales_lag_2,month,week_of_year,sales_moving_avg,price_promo_interaction,cumulative_sales,day_of_week,price_volatility,quarter
2013-05-22,7,2.0,0,7.0,7.0,5,21,7.0,0.0,7,2,0.0003454051684356848,2
2013-05-23,13,2.0,0,7.0,7.0,5,21,10.0,0.0,20,3,0.0,2
2013-05-24,11,2.0,0,13.0,7.0,5,21,10.333333333333334,0.0,31,4,0.0,2
2013-05-25,6,2.0,0,11.0,13.0,5,21,9.25,0.0,37,5,0.0,2
2013-05-26,8,2.0,0,6.0,11.0,5,21,9.5,0.0,45,6,0.0,2
2013-05-27,6,2.0,0,8.0,6.0,5,22,7.75,0.0,51,0,0.0,2
2013-05-28,7,2.0,0,6.0,8.0,5,22,6.75,0.0,58,1,0.0,2
2013-05-29,6,2.0,0,7.0,6.0,5,22,6.75,0.0,64,2,0.0,2
2013-05-30,9,2.0,0,6.0,7.0,5,22,7.0,0.0,73,3,0.0,2
2013-05-31,8,2.0,0,9.0,6.0,5,22,7.5,0.0,81,4,0.0,2
2013-06-01,10,2.0,1,8.0,9.0,6,22,8.25,2.0,91,5,0.0,2
2013-06-02,18,2.0,1,10.0,8.0,6,22,11.25,2.0,109,6,0.0,2
2013-06-03,23,2.0,1,18.0,10.0,6,23,14.75,2.0,132,0,0.0,2
2013-06-04,11,2.0,1,23.0,18.0,6,23,15.5,2.0,143,1,0.0,2
2013-06-05,6,2.0,1,11.0,23.0,6,23,14.5,2.0,149,2,0.0,2
2013-06-06,12,2.0,1,6.0,11.0,6,23,13.0,2.0,161,3,0.0,2
2013-06-07,30,2.0,1,12.0,6.0,6,23,14.75,2.0,191,4,0.0,2
2013-06-08,14,2.0,1,30.0,12.0,6,23,15.5,2.0,205,5,0.0,2
2013-06-09,15,2.0,1,14.0,30.0,6,23,17.75,2.0,220,6,0.0,2
2013-06-10,10,2.0,1,15.0,14.0,6,24,17.25,2.0,230,0,0.0,2
2013-06-11,15,2.0,0,10.0,15.0,6,24,13.5,0.0,245,1,0.0,2
2013-06-12,20,2.0,0,15.0,10.0,6,24,15.0,0.0,265,2,0.0,2
2013-06-13,12,2.0,0,20.0,15.0,6,24,14.25,0.0,277,3,0.0,2
2013-06-14,15,2.0,0,12.0,20.0,6,24,15.5,0.0,292,4,0.0,2
2013-06-15,11,2.0,0,15.0,12.0,6,24,14.5,0.0,303,5,0.0,2
2013-06-16,13,2.0,0,11.0,15.0,6,24,12.75,0.0,316,6,0.0,2
2013-06-17,12,2.0,0,13.0,11.0,6,25,12.75,0.0,328,0,0.0,2
2013-06-18,10,2.0,0,12.0,13.0,6,25,11.5,0.0,338,1,0.0,2
2013-06-19,12,2.0,0,10.0,12.0,6,25,11.75,0.0,350,2,0.0,2
2013-06-20,10,2.0,0,12.0,10.0,6,25,11.0,0.0,360,3,0.0,2
2013-06-21,9,2.0,0,10.0,12.0,6,25,10.25,0.0,369,4,0.0,2
2013-06-22,19,2.0,0,9.0,10.0,6,25,12.5,0.0,388,5,0.0,2
2013-06-23,12,2.0,0,19.0,9.0,6,25,12.5,0.0,400,6,0.0,2
2013-06-24,1,2.0,0,12.0,19.0,6,26,10.25,0.0,401,0,0.0,2
2013-06-25,9,2.0,0,1.0,12.0,6,26,10.25,0.0,410,1,0.0,2
2013-06-26,9,2.0,0,9.0,1.0,6,26,7.75,0.0,419,2,0.0,2
2013-06-27,12,2.0,0,9.0,9.0,6,26,7.75,0.0,431,3,0.0,2
2013-06-28,8,2.0,0,12.0,9.0,6,26,9.5,0.0,439,4,0.0,2
2013-06-29,21,2.0,0,8.0,12.0,6,26,12.5,0.0,460,5,0.0,2
2013-06-30,5,2.0,0,21.0,8.0,6,26,11.5,0.0,465,6,0.0,2
2013-07-01,18,2.0,1,5.0,21.0,7,27,13.0,2.0,483,0,0.0,3
2013-07-02,9,2.0,1,18.0,5.0,7,27,13.25,2.0,492,1,0.0,3
2013-07-03,8,2.0,1,9.0,18.0,7,27,10.0,2.0,500,2,0.0,3
2013-07-04,9,2.0,1,8.0,9.0,7,27,11.0,2.0,509,3,0.0,3
2013-07-05,17,2.0,1,9.0,8.0,7,27,10.75,2.0,526,4,0.0,3
2013-07-06,10,2.0,1,17.0,9.0,7,27,11.0,2.0,536,5,0.0,3
2013-07-07,12,2.0,1,10.0,17.0,7,27,12.0,2.0,548,6,0.0,3
2013-07-08,15,2.0,1,12.0,10.0,7,28,13.5,2.0,563,0,0.0,3
2013-07-09,8,2.0,1,15.0,12.0,7,28,11.25,2.0,571,1,0.0,3
2013-07-10,14,2.0,1,8.0,15.0,7,28,12.25,2.0,585,2,0.0,3
2013-07-11,11,2.0,0,14.0,8.0,7,28,12.0,0.0,596,3,0.0,3
2013-07-12,13,2.0,0,11.0,14.0,7,28,11.5,0.0,609,4,0.0,3
2013-07-13,15,2.0,0,13.0,11.0,7,28,13.25,0.0,624,5,0.0,3
2013-07-14,9,2.0,0,15.0,13.0,7,28,12.0,0.0,633,6,0.0,3
2013-07-15,11,2.0,0,9.0,15.0,7,29,12.0,0.0,644,0,0.0,3
2013-07-16,10,2.0,0,11.0,9.0,7,29,11.25,0.0,654,1,0.0,3
2013-07-17,9,2.0,0,10.0,11.0,7,29,9.75,0.0,663,2,0.0,3
2013-07-18,14,2.0,0,9.0,10.0,7,29,11.0,0.0,677,3,0.0,3
2013-07-19,10,2.0,0,14.0,9.0,7,29,10.75,0.0,687,4,0.0,3
2013-07-20,13,2.0,0,10.0,14.0,7,29,11.5,0.0,700,5,0.0,3
2013-07-21,18,2.0,0,13.0,10.0,7,29,13.75,0.0,718,6,0.0,3
2013-07-22,11,2.0,0,18.0,13.0,7,30,13.0,0.0,729,0,0.0,3
2013-07-23,4,2.0,0,11.0,18.0,7,30,11.5,0.0,733,1,0.0,3
2013-07-24,14,2.0,0,4.0,11.0,7,30,11.75,0.0,747,2,0.0,3
2013-07-25,6,2.0,0,14.0,4.0,7,30,8.75,0.0,753,3,0.0,3
2013-07-26,9,2.0,0,6.0,14.0,7,30,8.25,0.0,762,4,0.0,3
2013-07-27,16,2.0,0,9.0,6.0,7,30,11.25,0.0,778,5,0.0,3
2013-07-28,1,2.0,0,16.0,9.0,7,30,8.0,0.0,779,6,0.0,3
2013-07-29,9,2.0,0,1.0,16.0,7,31,8.75,0.0,788,0,0.0,3
2013-07-30,20,2.0,0,9.0,1.0,7,31,11.5,0.0,808,1,0.0,3
2013-07-31,7,2.0,0,20.0,9.0,7,31,9.25,0.0,815,2,0.0,3
2013-08-01,7,2.0,1,7.0,20.0,8,31,10.75,2.0,822,3,0.0,3
2013-08-02,14,2.0,1,7.0,7.0,8,31,12.0,2.0,836,4,0.0,3
2013-08-03,12,2.0,1,14.0,7.0,8,31,10.0,2.0,848,5,0.0,3
2013-08-04,19,2.0,1,12.0,14.0,8,31,13.0,2.0,867,6,0.0,3
2013-08-05,15,2.0,1,19.0,12.0,8,32,15.0,2.0,882,0,0.0,3
2013-08-06,28,2.0,1,15.0,19.0,8,32,18.5,2.0,910,1,0.0,3
2013-08-07,23,2.0,1,28.0,15.0,8,32,21.25,2.0,933,2,0.0,3
2013-08-08,14,2.0,1,23.0,28.0,8,32,20.0,2.0,947,3,0.0,3
2013-08-09,12,2.0,1,14.0,23.0,8,32,19.25,2.0,959,4,0.0,3
2013-08-10,24,2.0,1,12.0,14.0,8,32,18.25,2.0,983,5,0.0,3
2013-08-11,15,2.0,0,24.0,12.0,8,32,16.25,0.0,998,6,0.0,3
2013-08-12,16,2.0,0,15.0,24.0,8,33,16.75,0.0,1014,0,0.0,3
2013-08-13,4,2.0,0,16.0,15.0,8,33,14.75,0.0,1018,1,0.0,3
2013-08-14,7,2.0,0,4.0,16.0,8,33,10.5,0.0,1025,2,0.0,3
2013-08-15,10,2.0,0,7.0,4.0,8,33,9.25,0.0,1035,3,0.0,3
2013-08-16,11,2.0,0,10.0,7.0,8,33,8.0,0.0,1046,4,0.0,3
2013-08-17,10,2.0,0,11.0,10.0,8,33,9.5,0.0,1056,5,0.0,3
2013-08-18,21,2.0,0,10.0,11.0,8,33,13.0,0.0,1077,6,0.0,3
2013-08-19,7,2.0,0,21.0,10.0,8,34,12.25,0.0,1084,0,0.0,3
2013-08-20,9,2.0,0,7.0,21.0,8,34,11.75,0.0,1093,1,0.0,3
2013-08-21,11,2.0,0,9.0,7.0,8,34,12.0,0.0,1104,2,0.0,3
2013-08-22,8,2.0,0,11.0,9.0,8,34,8.75,0.0,1112,3,0.0,3
2013-08-23,4,2.0,0,8.0,11.0,8,34,8.0,0.0,1116,4,0.0,3
2013-08-24,10,2.0,0,4.0,8.0,8,34,8.25,0.0,1126,5,0.0,3
2013-08-25,12,2.0,0,10.0,4.0,8,34,8.5,0.0,1138,6,0.0,3
2013-08-26,7,2.0,0,12.0,10.0,8,35,8.25,0.0,1145,0,0.0,3
2013-08-27,9,2.0,0,7.0,12.0,8,35,9.5,0.0,1154,1,0.0,3
2013-08-28,9,2.0,0,9.0,7.0,8,35,9.25,0.0,1163,2,0.0,3
2013-08-29,7,2.0,0,9.0,9.0,8,35,8.0,0.0,1170,3,0.0,3
2013-08-30,11,2.0,0,7.0,9.0,8,35,9.0,0.0,1181,4,0.0,3
2013-08-31,19,2.0,0,11.0,7.0,8,35,11.5,0.0,1200,5,0.0,3
2013-09-01,13,2.0,1,19.0,11.0,9,35,12.5,2.0,1213,6,0.0,3
2013-09-02,16,2.0,1,13.0,19.0,9,36,14.75,2.0,1229,0,0.0,3
2013-09-03,14,2.0,1,16.0,13.0,9,36,15.5,2.0,1243,1,0.0,3
2013-09-04,4,2.0,1,14.0,16.0,9,36,11.75,2.0,1247,2,0.0,3
2013-09-05,9,2.0,1,4.0,14.0,9,36,10.75,2.0,1256,3,0.0,3
2013-09-06,11,2.0,1,9.0,4.0,9,36,9.5,2.0,1267,4,0.0,3
2013-09-07,13,2.0,1,11.0,9.0,9,36,9.25,2.0,1280,5,0.0,3
2013-09-08,16,2.0,1,13.0,11.0,9,36,12.25,2.0,1296,6,0.0,3
2013-09-09,11,2.0,1,16.0,13.0,9,37,12.75,2.0,1307,0,0.0,3
2013-09-10,12,2.0,1,11.0,16.0,9,37,13.0,2.0,1319,1,0.0,3
2013-09-11,5,2.0,0,12.0,11.0,9,37,11.0,0.0,1324,2,0.0,3
2013-09-12,11,2.0,0,5.0,12.0,9,37,9.75,0.0,1335,3,0.0,3
2013-09-13,11,2.0,0,11.0,5.0,9,37,9.75,0.0,1346,4,0.0,3
2013-09-14,11,2.0,0,11.0,11.0,9,37,9.5,0.0,1357,5,0.0,3
2013-09-15,13,2.0,0,11.0,11.0,9,37,11.5,0.0,1370,6,0.0,3
2013-09-16,13,2.0,0,13.0,11.0,9,38,12.0,0.0,1383,0,0.0,3
2013-09-17,11,2.0,0,13.0,13.0,9,38,12.0,0.0,1394,1,0.0,3
2013-09-18,11,2.0,0,11.0,13.0,9,38,12.0,0.0,1405,2,0.0,3
2013-09-19,10,2.0,0,11.0,11.0,9,38,11.25,0.0,1415,3,0.0,3
2013-09-20,10,2.0,0,10.0,11.0,9,38,10.5,0.0,1425,4,0.0,3
2013-09-21,14,2.0,0,10.0,10.0,9,38,11.25,0.0,1439,5,0.0,3
2013-09-22,22,2.0,0,14.0,10.0,9,38,14.0,0.0,1461,6,0.0,3
2013-09-23,10,2.0,0,22.0,14.0,9,39,14.0,0.0,1471,0,0.0,3
2013-09-24,7,2.0,0,10.0,22.0,9,39,13.25,0.0,1478,1,0.0,3
2013-09-25,6,2.0,0,7.0,10.0,9,39,11.25,0.0,1484,2,0.0,3
2013-09-26,7,2.0,0,6.0,7.0,9,39,7.5,0.0,1491,3,0.0,3
2013-09-27,0,2.0,0,7.0,6.0,9,39,5.0,0.0,1491,4,0.0,3
2013-09-28,0,2.0,0,0.0,7.0,9,39,3.25,0.0,1491,5,0.0,3
2013-09-29,4,2.0,0,0.0,0.0,9,39,2.75,0.0,1495,6,0.0,3
2013-09-30,8,2.0,0,4.0,0.0,9,40,3.0,0.0,1503,0,0.0,3
2013-10-01,5,2.0,1,8.0,4.0,10,40,4.25,2.0,1508,1,0.0,4
2013-10-02,19,2.0,1,5.0,8.0,10,40,9.0,2.0,1527,2,0.0,4
2013-10-03,5,2.0,1,19.0,5.0,10,40,9.25,2.0,1532,3,0.0,4
2013-10-04,31,2.0,1,5.0,19.0,10,40,15.0,2.0,1563,4,0.0,4
2013-10-05,13,2.0,1,31.0,5.0,10,40,17.0,2.0,1576,5,0.0,4
2013-10-06,17,2.0,1,13.0,31.0,10,40,16.5,2.0,1593,6,0.0,4
2013-10-07,19,2.0,1,17.0,13.0,10,41,20.0,2.0,1612,0,0.0,4
2013-10-08,3,2.0,1,19.0,17.0,10,41,13.0,2.0,1615,1,0.0,4
2013-10-09,15,2.0,1,3.0,19.0,10,41,13.5,2.0,1630,2,0.0,4
2013-10-10,14,2.0,1,15.0,3.0,10,41,12.75,2.0,1644,3,0.0,4
2013-10-11,13,2.0,0,14.0,15.0,10,41,11.25,0.0,1657,4,0.0,4
2013-10-12,12,2.0,0,13.0,14.0,10,41,13.5,0.0,1669,5,0.0,4
2013-10-13,22,2.0,0,12.0,13.0,10,41,15.25,0.0,1691,6,0.0,4
2013-10-14,13,2.0,0,22.0,12.0,10,42,15.0,0.0,1704,0,0.0,4
2013-10-15,10,2.0,0,13.0,22.0,10,42,14.25,0.0,1714,1,0.0,4
2013-10-16,8,2.0,0,10.0,13.0,10,42,13.25,0.0,1722,2,0.0,4
2013-10-17,6,2.0,0,8.0,10.0,10,42,9.25,0.0,1728,3,0.0,4
2013-10-18,13,2.0,0,6.0,8.0,10,42,9.25,0.0,1741,4,0.0,4
2013-10-19,19,2.0,0,13.0,6.0,10,42,11.5,0.0,1760,5,0.0,4
2013-10-20,15,2.0,0,19.0,13.0,10,42,13.25,0.0,1775,6,0.0,4
2013-10-21,17,2.0,0,15.0,19.0,10,43,16.0,0.0,1792,0,0.0,4
2013-10-22,10,2.0,0,17.0,15.0,10,43,15.25,0.0,1802,1,0.0,4
2013-10-23,7,2.0,0,10.0,17.0,10,43,12.25,0.0,1809,2,0.0,4
2013-10-24,7,2.0,0,7.0,10.0,10,43,10.25,0.0,1816,3,0.0,4
2013-10-25,25,2.0,0,7.0,7.0,10,43,12.25,0.0,1841,4,0.0,4
2013-10-26,16,2.0,0,25.0,7.0,10,43,13.75,0.0,1857,5,0.0,4
2013-10-27,14,2.0,0,16.0,25.0,10,43,15.5,0.0,1871,6,0.0,4
2013-10-28,13,2.0,0,14.0,16.0,10,44,17.0,0.0,1884,0,0.0,4
2013-10-29,9,2.0,0,13.0,14.0,10,44,13.0,0.0,1893,1,0.0,4
2013-10-30,9,2.0,0,9.0,13.0,10,44,11.25,0.0,1902,2,0.0,4
2013-10-31,7,2.0,0,9.0,9.0,10,44,9.5,0.0,1909,3,0.0,4
2013-11-01,14,2.0,1,7.0,9.0,11,44,9.75,2.0,1923,4,0.0,4
2013-11-02,29,2.0,1,14.0,7.0,11,44,14.75,2.0,1952,5,0.0,4
2013-11-03,15,2.0,1,29.0,14.0,11,44,16.25,2.0,1967,6,0.0,4
2013-11-04,15,2.0,1,15.0,29.0,11,45,18.25,2.0,1982,0,0.0,4
2013-11-05,15,2.0,1,15.0,15.0,11,45,18.5,2.0,1997,1,0.0,4
2013-11-06,5,2.0,1,15.0,15.0,11,45,12.5,2.0,2002,2,0.0,4
2013-11-07,17,2.0,1,5.0,15.0,11,45,13.0,2.0,2019,3,0.0,4
2013-11-08,21,2.0,1,17.0,5.0,11,45,14.5,2.0,2040,4,0.0,4
2013-11-09,29,2.0,1,21.0,17.0,11,45,18.0,2.0,2069,5,0.0,4
2013-11-10,15,2.0,1,29.0,21.0,11,45,20.5,2.0,2084,6,0.0,4
2013-11-11,7,2.0,0,15.0,29.0,11,46,18.0,0.0,2091,0,0.0,4
2013-11-12,18,2.0,0,7.0,15.0,11,46,17.25,0.0,2109,1,0.0,4
2013-11-13,14,2.0,0,18.0,7.0,11,46,13.5,0.0,2123,2,0.0,4
2013-11-14,7,2.0,0,14.0,18.0,11,46,11.5,0.0,2130,3,0.0,4
2013-11-15,14,2.0,0,7.0,14.0,11,46,13.25,0.0,2144,4,0.0,4
2013-11-16,18,2.0,0,14.0,7.0,11,46,13.25,0.0,2162,5,0.0,4
2013-11-17,16,2.0,0,18.0,14.0,11,46,13.75,0.0,2178,6,0.0,4
2013-11-18,10,2.0,0,16.0,18.0,11,47,14.5,0.0,2188,0,0.0,4
2013-11-19,16,2.0,0,10.0,16.0,11,47,15.0,0.0,2204,1,0.0,4
2013-11-20,11,2.0,0,16.0,10.0,11,47,13.25,0.0,2215,2,0.0,4
2013-11-21,8,2.0,0,11.0,16.0,11,47,11.25,0.0,2223,3,0.0,4
2013-11-22,13,2.0,0,8.0,11.0,11,47,12.0,0.0,2236,4,0.0,4
2013-11-23,20,2.0,0,13.0,8.0,11,47,13.0,0.0,2256,5,0.0,4
2013-11-24,6,2.0,0,20.0,13.0,11,47,11.75,0.0,2262,6,0.0,4
2013-11-25,11,2.0,0,6.0,20.0,11,48,12.5,0.0,2273,0,0.0,4
2013-11-26,26,2.0,0,11.0,6.0,11,48,15.75,0.0,2299,1,0.0,4
2013-11-27,1,2.0,0,26.0,11.0,11,48,11.0,0.0,2300,2,0.0,4
2013-11-28,0,2.0,0,1.0,26.0,11,48,9.5,0.0,2300,3,0.0,4
2013-11-29,11,2.0,0,0.0,1.0,11,48,9.5,0.0,2311,4,0.0,4
2013-11-30,7,2.0,0,11.0,0.0,11,48,4.75,0.0,2318,5,0.0,4
2013-12-01,16,2.0,1,7.0,11.0,12,48,8.5,2.0,2334,6,0.0,4
2013-12-02,5,2.0,1,16.0,7.0,12,49,9.75,2.0,2339,0,0.0,4
2013-12-03,8,2.0,1,5.0,16.0,12,49,9.0,2.0,2347,1,0.0,4
2013-12-04,1,2.0,1,8.0,5.0,12,49,7.5,2.0,2348,2,0.0,4
2013-12-05,0,2.0,1,1.0,8.0,12,49,3.5,2.0,2348,3,0.0,4
2013-12-06,0,2.0,1,0.0,1.0,12,49,2.25,2.0,2348,4,0.0,4
2013-12-07,23,2.0,1,0.0,0.0,12,49,6.0,2.0,2371,5,0.0,4
2013-12-08,0,2.0,1,23.0,0.0,12,49,5.75,2.0,2371,6,0.0,4
2013-12-09,18,2.0,1,0.0,23.0,12,50,10.25,2.0,2389,0,0.0,4
2013-12-10,6,2.0,1,18.0,0.0,12,50,11.75,2.0,2395,1,0.0,4
2013-12-11,0,2.0,0,6.0,18.0,12,50,6.0,0.0,2395,2,0.0,4
2013-12-12,4,2.0,0,0.0,6.0,12,50,7.0,0.0,2399,3,0.0,4
2013-12-13,14,2.0,0,4.0,0.0,12,50,6.0,0.0,2413,4,0.0,4
2013-12-14,6,2.0,0,14.0,4.0,12,50,6.0,0.0,2419,5,0.0,4
2013-12-15,20,2.0,0,6.0,14.0,12,50,11.0,0.0,2439,6,0.0,4
2013-12-16,19,2.0,0,20.0,6.0,12,51,14.75,0.0,2458,0,0.0,4
2013-12-17,8,2.0,0,19.0,20.0,12,51,13.25,0.0,2466,1,0.0,4
2013-12-18,1,2.0,0,8.0,19.0,12,51,12.0,0.0,2467,2,0.0,4
2013-12-19,11,2.0,0,1.0,8.0,12,51,9.75,0.0,2478,3,0.0,4
2013-12-20,7,2.0,0,11.0,1.0,12,51,6.75,0.0,2485,4,0.0,4
2013-12-21,23,2.0,0,7.0,11.0,12,51,10.5,0.0,2508,5,0.0,4
2013-12-22,29,2.0,0,23.0,7.0,12,51,17.5,0.0,2537,6,0.0,4
2013-12-23,16,2.0,0,29.0,23.0,12,52,18.75,0.0,2553,0,0.0,4
2013-12-24,10,2.0,0,16.0,29.0,12,52,19.5,0.0,2563,1,0.0,4
2013-12-25,0,2.0,0,10.0,16.0,12,52,13.75,0.0,2563,2,0.0,4
2013-12-26,11,2.0,0,0.0,10.0,12,52,9.25,0.0,2574,3,0.0,4
2013-12-27,16,2.0,0,11.0,0.0,12,52,9.25,0.0,2590,4,0.0,4
2013-12-28,24,2.0,0,16.0,11.0,12,52,12.75,0.0,2614,5,0.0,4
2013-12-29,16,2.0,0,24.0,16.0,12,52,16.75,0.0,2630,6,0.0,4
2013-12-30,11,2.0,0,16.0,24.0,12,1,16.75,0.0,2641,0,0.0,4
2013-12-31,8,2.0,0,11.0,16.0,12,1,14.75,0.0,2649,1,0.0,4
2014-01-01,4,2.0,1,8.0,11.0,1,1,9.75,2.0,2653,2,0.0,1
2014-01-02,3,2.0,1,4.0,8.0,1,1,6.5,2.0,2656,3,0.0,1
2014-01-03,1,2.0,1,3.0,4.0,1,1,4.0,2.0,2657,4,0.0,1
2014-01-04,1,2.0,1,1.0,3.0,1,1,2.25,2.0,2658,5,0.0,1
2014-01-05,18,2.0,1,1.0,1.0,1,1,5.75,2.0,2676,6,0.0,1
2014-01-06,5,2.0,1,18.0,1.0,1,2,6.25,2.0,2681,0,0.0,1
2014-01-07,0,2.0,1,5.0,18.0,1,2,6.0,2.0,2681,1,0.0,1
2014-01-08,0,2.0,1,0.0,5.0,1,2,5.75,2.0,2681,2,0.0,1
2014-01-09,0,2.0,1,0.0,0.0,1,2,1.25,2.0,2681,3,0.0,1
2014-01-10,0,2.0,1,0.0,0.0,1,2,0.0,2.0,2681,4,0.0,1
2014-01-11,0,2.0,0,0.0,0.0,1,2,0.0,0.0,2681,5,0.0,1
2014-01-12,0,2.0,0,0.0,0.0,1,2,0.0,0.0,2681,6,0.0,1
2014-01-13,0,2.0,0,0.0,0.0,1,3,0.0,0.0,2681,0,0.0,1
2014-01-14,0,2.0,0,0.0,0.0,1,3,0.0,0.0,2681,1,0.0,1
2014-01-15,0,2.0,0,0.0,0.0,1,3,0.0,0.0,2681,2,0.0,1
2014-01-16,0,2.0,0,0.0,0.0,1,3,0.0,0.0,2681,3,0.0,1
2014-01-17,0,2.0,0,0.0,0.0,1,3,0.0,0.0,2681,4,0.0,1
2014-01-18,0,2.0,0,0.0,0.0,1,3,0.0,0.0,2681,5,0.0,1
2014-01-19,9,2.0,0,0.0,0.0,1,3,2.25,0.0,2690,6,0.0,1
2014-01-20,13,2.0,0,9.0,0.0,1,4,5.5,0.0,2703,0,0.0,1
2014-01-21,14,2.0,0,13.0,9.0,1,4,9.0,0.0,2717,1,0.0,1
2014-01-22,12,2.0,0,14.0,13.0,1,4,12.0,0.0,2729,2,0.0,1
2014-01-23,0,2.0,0,12.0,14.0,1,4,9.75,0.0,2729,3,0.0,1
2014-01-24,14,2.0,0,0.0,12.0,1,4,10.0,0.0,2743,4,0.0,1
2014-01-25,14,2.0,0,14.0,0.0,1,4,10.0,0.0,2757,5,0.0,1
2014-01-26,17,2.0,0,14.0,14.0,1,4,11.25,0.0,2774,6,0.0,1
2014-01-27,5,2.0,0,17.0,14.0,1,5,12.5,0.0,2779,0,0.0,1
2014-01-28,2,2.0,0,5.0,17.0,1,5,9.5,0.0,2781,1,0.0,1
2014-01-29,2,2.0,0,2.0,5.0,1,5,6.5,0.0,2783,2,0.0,1
2014-01-30,15,2.0,0,2.0,2.0,1,5,6.0,0.0,2798,3,0.0,1
2014-01-31,6,2.0,0,15.0,2.0,1,5,6.25,0.0,2804,4,0.0,1
2014-02-01,17,2.0,1,6.0,15.0,2,5,10.0,2.0,2821,5,0.0,1
2014-02-02,13,2.0,1,17.0,6.0,2,5,12.75,2.0,2834,6,0.0,1
2014-02-03,8,2.0,1,13.0,17.0,2,6,11.0,2.0,2842,0,0.0,1
2014-02-04,7,2.0,1,8.0,13.0,2,6,11.25,2.0,2849,1,0.0,1
2014-02-05,7,2.0,1,7.0,8.0,2,6,8.75,2.0,2856,2,0.0,1
2014-02-06,66,2.0,1,7.0,7.0,2,6,22.0,2.0,2922,3,0.0,1
2014-02-07,30,2.0,1,66.0,7.0,2,6,27.5,2.0,2952,4,0.0,1
2014-02-08,66,2.0,1,30.0,66.0,2,6,42.25,2.0,3018,5,0.0,1
2014-02-09,33,2.0,1,66.0,30.0,2,6,48.75,2.0,3051,6,0.0,1
2014-02-10,16,2.0,1,33.0,66.0,2,7,36.25,2.0,3067,0,0.0,1
2014-02-11,10,2.0,0,16.0,33.0,2,7,31.25,0.0,3077,1,0.0,1
2014-02-12,8,2.0,0,10.0,16.0,2,7,16.75,0.0,3085,2,0.0,1
2014-02-13,17,2.0,0,8.0,10.0,2,7,12.75,0.0,3102,3,0.0,1
2014-02-14,19,2.0,0,17.0,8.0,2,7,13.5,0.0,3121,4,0.0,1
2014-02-15,44,2.0,0,19.0,17.0,2,7,22.0,0.0,3165,5,0.0,1
2014-02-16,35,2.0,0,44.0,19.0,2,7,28.75,0.0,3200,6,0.0,1
2014-02-17,35,2.0,0,35.0,44.0,2,8,33.25,0.0,3235,0,0.0,1
2014-02-18,15,2.0,0,35.0,35.0,2,8,32.25,0.0,3250,1,0.0,1
2014-02-19,21,2.0,0,15.0,35.0,2,8,26.5,0.0,3271,2,0.0,1
2014-02-20,22,2.0,0,21.0,15.0,2,8,23.25,0.0,3293,3,0.0,1
2014-02-21,37,2.0,0,22.0,21.0,2,8,23.75,0.0,3330,4,0.0,1
2014-02-22,30,2.0,0,37.0,22.0,2,8,27.5,0.0,3360,5,0.0,1
2014-02-23,22,2.0,0,30.0,37.0,2,8,27.75,0.0,3382,6,0.0,1
2014-02-24,16,2.0,0,22.0,30.0,2,9,26.25,0.0,3398,0,0.0,1
2014-02-25,13,2.0,0,16.0,22.0,2,9,20.25,0.0,3411,1,0.0,1
2014-02-26,21,2.0,0,13.0,16.0,2,9,18.0,0.0,3432,2,0.0,1
2014-02-27,17,2.0,0,21.0,13.0,2,9,16.75,0.0,3449,3,0.0,1
2014-02-28,18,2.0,0,17.0,21.0,2,9,17.25,0.0,3467,4,0.0,1
2014-03-01,20,2.0,1,18.0,17.0,3,9,19.0,2.0,3487,5,0.0,1
2014-03-02,23,2.0,1,20.0,18.0,3,9,19.5,2.0,3510,6,0.0,1
2014-03-03,18,2.0,1,23.0,20.0,3,10,19.75,2.0,3528,0,0.0,1
2014-03-04,5,2.0,1,18.0,23.0,3,10,16.5,2.0,3533,1,0.0,1
2014-03-05,9,2.0,1,5.0,18.0,3,10,13.75,2.0,3542,2,0.0,1
2014-03-06,10,2.0,1,9.0,5.0,3,10,10.5,2.0,3552,3,0.0,1
2014-03-07,15,2.0,1,10.0,9.0,3,10,9.75,2.0,3567,4,0.0,1
2014-03-08,20,2.0,1,15.0,10.0,3,10,13.5,2.0,3587,5,0.0,1
2014-03-09,15,2.0,1,20.0,15.0,3,10,15.0,2.0,3602,6,0.0,1
2014-03-10,15,2.0,1,15.0,20.0,3,11,16.25,2.0,3617,0,0.0,1
2014-03-11,14,2.0,0,15.0,15.0,3,11,16.0,0.0,3631,1,0.0,1
2014-03-12,11,2.0,0,14.0,15.0,3,11,13.75,0.0,3642,2,0.0,1
2014-03-13,11,2.0,0,11.0,14.0,3,11,12.75,0.0,3653,3,0.0,1
2014-03-14,9,2.0,0,11.0,11.0,3,11,11.25,0.0,3662,4,0.0,1
2014-03-15,10,2.0,0,9.0,11.0,3,11,10.25,0.0,3672,5,0.0,1
2014-03-16,9,2.0,0,10.0,9.0,3,11,9.75,0.0,3681,6,0.0,1
2014-03-17,11,2.0,0,9.0,10.0,3,12,9.75,0.0,3692,0,0.0,1
2014-03-18,15,2.0,0,11.0,9.0,3,12,11.25,0.0,3707,1,0.0,1
2014-03-19,35,2.0,0,15.0,11.0,3,12,17.5,0.0,3742,2,0.0,1
2014-03-20,30,2.0,0,35.0,15.0,3,12,22.75,0.0,3772,3,0.0,1
2014-03-21,25,2.0,0,30.0,35.0,3,12,26.25,0.0,3797,4,0.0,1
2014-03-22,25,2.0,0,25.0,30.0,3,12,28.75,0.0,3822,5,0.0,1
2014-03-23,12,2.0,0,25.0,25.0,3,12,23.0,0.0,3834,6,0.0,1
2014-03-24,16,2.0,0,12.0,25.0,3,13,19.5,0.0,3850,0,0.0,1
2014-03-25,20,2.0,0,16.0,12.0,3,13,18.25,0.0,3870,1,0.0,1
2014-03-26,16,2.0,0,20.0,16.0,3,13,16.0,0.0,3886,2,0.0,1
2014-03-27,13,2.0,0,16.0,20.0,3,13,16.25,0.0,3899,3,0.0,1
2014-03-28,24,2.0,0,13.0,16.0,3,13,18.25,0.0,3923,4,0.0,1
2014-03-29,36,2.0,0,24.0,13.0,3,13,22.25,0.0,3959,5,0.0,1
2014-03-30,25,2.0,0,36.0,24.0,3,13,24.5,0.0,3984,6,0.0,1
2014-03-31,20,2.0,0,25.0,36.0,3,14,26.25,0.0,4004,0,0.0,1
2014-04-01,24,2.0,1,20.0,25.0,4,14,26.25,2.0,4028,1,0.0,2
2014-04-02,21,2.0,1,24.0,20.0,4,14,22.5,2.0,4049,2,0.0,2
2014-04-03,30,2.0,1,21.0,24.0,4,14,23.75,2.0,4079,3,0.0,2
2014-04-04,27,2.0,1,30.0,21.0,4,14,25.5,2.0,4106,4,0.0,2
2014-04-05,43,2.0,1,27.0,30.0,4,14,30.25,2.0,4149,5,0.0,2
2014-04-06,37,2.0,1,43.0,27.0,4,14,34.25,2.0,4186,6,0.0,2
2014-04-07,32,2.0,1,37.0,43.0,4,15,34.75,2.0,4218,0,0.0,2
2014-04-08,27,2.0,1,32.0,37.0,4,15,34.75,2.0,4245,1,0.0,2
2014-04-09,0,2.0,1,27.0,32.0,4,15,24.0,2.0,4245,2,0.0,2
2014-04-10,0,2.0,1,0.0,27.0,4,15,14.75,2.0,4245,3,0.0,2
2014-04-11,0,2.0,0,0.0,0.0,4,15,6.75,0.0,4245,4,0.0,2
2014-04-12,0,2.0,0,0.0,0.0,4,15,0.0,0.0,4245,5,0.0,2
2014-04-13,0,2.0,0,0.0,0.0,4,15,0.0,0.0,4245,6,0.0,2
2014-04-14,0,2.0,0,0.0,0.0,4,16,0.0,0.0,4245,0,0.0,2
2014-04-15,0,2.0,0,0.0,0.0,4,16,0.0,0.0,4245,1,0.0,2
2014-04-16,19,2.0,0,0.0,0.0,4,16,4.75,0.0,4264,2,0.0,2
2014-04-17,10,2.0,0,19.0,0.0,4,16,7.25,0.0,4274,3,0.0,2
2014-04-18,16,2.0,0,10.0,19.0,4,16,11.25,0.0,4290,4,0.0,2
2014-04-19,12,2.0,0,16.0,10.0,4,16,14.25,0.0,4302,5,0.0,2
2014-04-20,6,2.0,0,12.0,16.0,4,16,11.0,0.0,4308,6,0.0,2
2014-04-21,4,2.0,0,6.0,12.0,4,17,9.5,0.0,4312,0,0.0,2
2014-04-22,8,2.0,0,4.0,6.0,4,17,7.5,0.0,4320,1,0.0,2
2014-04-23,9,2.0,0,8.0,4.0,4,17,6.75,0.0,4329,2,0.0,2
2014-04-24,9,2.0,0,9.0,8.0,4,17,7.5,0.0,4338,3,0.0,2
2014-04-25,8,2.0,0,9.0,9.0,4,17,8.5,0.0,4346,4,0.0,2
2014-04-26,6,2.0,0,8.0,9.0,4,17,8.0,0.0,4352,5,0.0,2
2014-04-27,13,2.0,0,6.0,8.0,4,17,9.0,0.0,4365,6,0.0,2
2014-04-28,10,2.0,0,13.0,6.0,4,18,9.25,0.0,4375,0,0.0,2
2014-04-29,8,2.0,0,10.0,13.0,4,18,9.25,0.0,4383,1,0.0,2
2014-04-30,7,2.0,0,8.0,10.0,4,18,9.5,0.0,4390,2,0.0,2
2014-05-01,7,2.0,1,7.0,8.0,5,18,8.0,2.0,4397,3,0.0,2
2014-05-02,3,2.0,1,7.0,7.0,5,18,6.25,2.0,4400,4,0.0,2
2014-05-03,9,2.0,1,3.0,7.0,5,18,6.5,2.0,4409,5,0.0,2
2014-05-04,15,2.0,1,9.0,3.0,5,18,8.5,2.0,4424,6,0.0,2
2014-05-05,16,2.0,1,15.0,9.0,5,19,10.75,2.0,4440,0,0.0,2
2014-05-06,7,2.0,1,16.0,15.0,5,19,11.75,2.0,4447,1,0.0,2
2014-05-07,19,2.0,1,7.0,16.0,5,19,14.25,2.0,4466,2,0.0,2
2014-05-08,8,2.0,1,19.0,7.0,5,19,12.5,2.0,4474,3,0.0,2
2014-05-09,11,2.0,1,8.0,19.0,5,19,11.25,2.0,4485,4,0.0,2
2014-05-10,23,2.0,1,11.0,8.0,5,19,15.25,2.0,4508,5,0.0,2
2014-05-11,18,2.0,0,23.0,11.0,5,19,15.0,0.0,4526,6,0.0,2
2014-05-12,6,2.0,0,18.0,23.0,5,20,14.5,0.0,4532,0,0.0,2
2014-05-13,8,2.0,0,6.0,18.0,5,20,13.75,0.0,4540,1,0.0,2
2014-05-14,11,2.0,0,8.0,6.0,5,20,10.75,0.0,4551,2,0.0,2
2014-05-15,7,2.0,0,11.0,8.0,5,20,8.0,0.0,4558,3,0.0,2
2014-05-16,9,2.0,0,7.0,11.0,5,20,8.75,0.0,4567,4,0.0,2
2014-05-17,16,2.0,0,9.0,7.0,5,20,10.75,0.0,4583,5,0.0,2
2014-05-18,18,2.0,0,16.0,9.0,5,20,12.5,0.0,4601,6,0.0,2
2014-05-19,11,2.0,0,18.0,16.0,5,21,13.5,0.0,4612,0,0.0,2
2014-05-20,15,2.0,0,11.0,18.0,5,21,15.0,0.0,4627,1,0.0,2
2014-05-21,9,2.0,0,15.0,11.0,5,21,13.25,0.0,4636,2,0.0,2
2014-05-22,6,2.0,0,9.0,15.0,5,21,10.25,0.0,4642,3,0.0,2
2014-05-23,19,2.0,0,6.0,9.0,5,21,12.25,0.0,4661,4,0.0,2
2014-05-24,13,2.0,0,19.0,6.0,5,21,11.75,0.0,4674,5,0.0,2
2014-05-25,13,2.0,0,13.0,19.0,5,21,12.75,0.0,4687,6,0.0,2
2014-05-26,22,2.0,0,13.0,13.0,5,22,16.75,0.0,4709,0,0.0,2
2014-05-27,5,2.0,0,22.0,13.0,5,22,13.25,0.0,4714,1,0.0,2
2014-05-28,4,2.0,0,5.0,22.0,5,22,11.0,0.0,4718,2,0.0,2
2014-05-29,11,2.0,0,4.0,5.0,5,22,10.5,0.0,4729,3,0.0,2
2014-05-30,7,2.0,0,11.0,4.0,5,22,6.75,0.0,4736,4,0.0,2
2014-05-31,31,2.0,0,7.0,11.0,5,22,13.25,0.0,4767,5,0.0,2
2014-06-01,16,2.0,1,31.0,7.0,6,22,16.25,2.0,4783,6,0.0,2
2014-06-02,0,2.0,1,16.0,31.0,6,23,13.5,2.0,4783,0,0.0,2
2014-06-03,5,2.0,1,0.0,16.0,6,23,13.0,2.0,4788,1,0.0,2
2014-06-04,26,2.0,1,5.0,0.0,6,23,11.75,2.0,4814,2,0.0,2
2014-06-05,11,2.0,1,26.0,5.0,6,23,10.5,2.0,4825,3,0.0,2
2014-06-06,6,2.0,1,11.0,26.0,6,23,12.0,2.0,4831,4,0.0,2
2014-06-07,21,2.0,1,6.0,11.0,6,23,16.0,2.0,4852,5,0.0,2
2014-06-08,15,2.0,1,21.0,6.0,6,23,13.25,2.0,4867,6,0.0,2
2014-06-09,14,2.0,1,15.0,21.0,6,24,14.0,2.0,4881,0,0.0,2
2014-06-10,16,2.0,1,14.0,15.0,6,24,16.5,2.0,4897,1,0.0,2
2014-06-11,17,2.0,0,16.0,14.0,6,24,15.5,0.0,4914,2,0.0,2
2014-06-12,8,2.0,0,17.0,16.0,6,24,13.75,0.0,4922,3,0.0,2
2014-06-13,14,2.0,0,8.0,17.0,6,24,13.75,0.0,4936,4,0.0,2
2014-06-14,17,2.0,0,14.0,8.0,6,24,14.0,0.0,4953,5,0.0,2
2014-06-15,12,2.0,0,17.0,14.0,6,24,12.75,0.0,4965,6,0.0,2
2014-06-16,14,2.0,0,12.0,17.0,6,25,14.25,0.0,4979,0,0.0,2
2014-06-17,12,2.0,0,14.0,12.0,6,25,13.75,0.0,4991,1,0.0,2
2014-06-18,16,2.0,0,12.0,14.0,6,25,13.5,0.0,5007,2,0.0,2
2014-06-19,11,2.0,0,16.0,12.0,6,25,13.25,0.0,5018,3,0.0,2
2014-06-20,5,2.0,0,11.0,16.0,6,25,11.0,0.0,5023,4,0.0,2
2014-06-21,12,2.0,0,5.0,11.0,6,25,11.0,0.0,5035,5,0.0,2
2014-06-22,13,2.0,0,12.0,5.0,6,25,10.25,0.0,5048,6,0.0,2
2014-06-23,13,2.0,0,13.0,12.0,6,26,10.75,0.0,5061,0,0.0,2
2014-06-24,11,2.0,0,13.0,13.0,6,26,12.25,0.0,5072,1,0.0,2
2014-06-25,7,2.0,0,11.0,13.0,6,26,11.0,0.0,5079,2,0.0,2
2014-06-26,8,2.0,0,7.0,11.0,6,26,9.75,0.0,5087,3,0.0,2
2014-06-27,8,2.0,0,8.0,7.0,6,26,8.5,0.0,5095,4,0.0,2
2014-06-28,16,2.0,0,8.0,8.0,6,26,9.75,0.0,5111,5,0.0,2
2014-06-29,12,2.0,0,16.0,8.0,6,26,11.0,0.0,5123,6,0.0,2
2014-06-30,8,2.0,0,12.0,16.0,6,27,11.0,0.0,5131,0,0.0,2
2014-07-01,8,2.0,1,8.0,12.0,7,27,11.0,2.0,5139,1,0.0,3
2014-07-02,24,2.0,1,8.0,8.0,7,27,13.0,2.0,5163,2,0.0,3
2014-07-03,20,2.0,1,24.0,8.0,7,27,15.0,2.0,5183,3,0.0,3
2014-07-04,6,2.0,1,20.0,24.0,7,27,14.5,2.0,5189,4,0.0,3
2014-07-05,18,2.0,1,6.0,20.0,7,27,17.0,2.0,5207,5,0.0,3
2014-07-06,6,2.0,1,18.0,6.0,7,27,12.5,2.0,5213,6,0.0,3
2014-07-07,11,2.0,1,6.0,18.0,7,28,10.25,2.0,5224,0,0.0,3
2014-07-08,19,2.0,1,11.0,6.0,7,28,13.5,2.0,5243,1,0.0,3
2014-07-09,11,2.0,1,19.0,11.0,7,28,11.75,2.0,5254,2,0.0,3
2014-07-10,7,2.0,1,11.0,19.0,7,28,12.0,2.0,5261,3,0.0,3
2014-07-11,13,2.0,0,7.0,11.0,7,28,12.5,0.0,5274,4,0.0,3
2014-07-12,16,2.0,0,13.0,7.0,7,28,11.75,0.0,5290,5,0.0,3
2014-07-13,19,2.0,0,16.0,13.0,7,28,13.75,0.0,5309,6,0.0,3
2014-07-14,12,2.0,0,19.0,16.0,7,29,15.0,0.0,5321,0,0.0,3
2014-07-15,16,2.0,0,12.0,19.0,7,29,15.75,0.0,5337,1,0.0,3
2014-07-16,17,2.0,0,16.0,12.0,7,29,16.0,0.0,5354,2,0.0,3
2014-07-17,9,2.0,0,17.0,16.0,7,29,13.5,0.0,5363,3,0.0,3
2014-07-18,12,2.0,0,9.0,17.0,7,29,13.5,0.0,5375,4,0.0,3
2014-07-19,12,2.0,0,12.0,9.0,7,29,12.5,0.0,5387,5,0.0,3
2014-07-20,11,2.0,0,12.0,12.0,7,29,11.0,0.0,5398,6,0.0,3
2014-07-21,9,2.0,0,11.0,12.0,7,30,11.0,0.0,5407,0,0.0,3
2014-07-22,8,2.0,0,9.0,11.0,7,30,10.0,0.0,5415,1,0.0,3
2014-07-23,23,2.0,0,8.0,9.0,7,30,12.75,0.0,5438,2,0.0,3
2014-07-24,6,2.0,0,23.0,8.0,7,30,11.5,0.0,5444,3,0.0,3
2014-07-25,7,2.0,0,6.0,23.0,7,30,11.0,0.0,5451,4,0.0,3
2014-07-26,18,2.0,0,7.0,6.0,7,30,13.5,0.0,5469,5,0.0,3
2014-07-27,17,2.0,0,18.0,7.0,7,30,12.0,0.0,5486,6,0.0,3
2014-07-28,11,2.0,0,17.0,18.0,7,31,13.25,0.0,5497,0,0.0,3
2014-07-29,7,2.0,0,11.0,17.0,7,31,13.25,0.0,5504,1,0.0,3
2014-07-30,12,2.0,0,7.0,11.0,7,31,11.75,0.0,5516,2,0.0,3
2014-07-31,9,2.0,0,12.0,7.0,7,31,9.75,0.0,5525,3,0.0,3
2014-08-01,20,2.0,1,9.0,12.0,8,31,12.0,2.0,5545,4,0.0,3
2014-08-02,17,2.0,1,20.0,9.0,8,31,14.5,2.0,5562,5,0.0,3
2014-08-03,16,2.0,1,17.0,20.0,8,31,15.5,2.0,5578,6,0.0,3
2014-08-04,19,2.0,1,16.0,17.0,8,32,18.0,2.0,5597,0,0.0,3
2014-08-05,19,2.0,1,19.0,16.0,8,32,17.75,2.0,5616,1,0.0,3
2014-08-06,17,2.0,1,19.0,19.0,8,32,17.75,2.0,5633,2,0.0,3
2014-08-07,10,2.0,1,17.0,19.0,8,32,16.25,2.0,5643,3,0.0,3
2014-08-08,16,2.0,1,10.0,17.0,8,32,15.5,2.0,5659,4,0.0,3
2014-08-09,10,2.0,1,16.0,10.0,8,32,13.25,2.0,5669,5,0.0,3
2014-08-10,17,2.0,1,10.0,16.0,8,32,13.25,2.0,5686,6,0.0,3
2014-08-11,20,2.0,0,17.0,10.0,8,33,15.75,0.0,5706,0,0.0,3
2014-08-12,13,2.0,0,20.0,17.0,8,33,15.0,0.0,5719,1,0.0,3
2014-08-13,9,2.0,0,13.0,20.0,8,33,14.75,0.0,5728,2,0.0,3
2014-08-14,11,2.0,0,9.0,13.0,8,33,13.25,0.0,5739,3,0.0,3
2014-08-15,10,2.0,0,11.0,9.0,8,33,10.75,0.0,5749,4,0.0,3
2014-08-16,12,2.0,0,10.0,11.0,8,33,10.5,0.0,5761,5,0.0,3
2014-08-17,18,2.0,0,12.0,10.0,8,33,12.75,0.0,5779,6,0.0,3
2014-08-18,8,2.0,0,18.0,12.0,8,34,12.0,0.0,5787,0,0.0,3
2014-08-19,12,2.0,0,8.0,18.0,8,34,12.5,0.0,5799,1,0.0,3
2014-08-20,11,2.0,0,12.0,8.0,8,34,12.25,0.0,5810,2,0.0,3
2014-08-21,11,2.0,0,11.0,12.0,8,34,10.5,0.0,5821,3,0.0,3
2014-08-22,13,2.0,0,11.0,11.0,8,34,11.75,0.0,5834,4,0.0,3
2014-08-23,22,2.0,0,13.0,11.0,8,34,14.25,0.0,5856,5,0.0,3
2014-08-24,14,2.0,0,22.0,13.0,8,34,15.0,0.0,5870,6,0.0,3
2014-08-25,14,2.0,0,14.0,22.0,8,35,15.75,0.0,5884,0,0.0,3
2014-08-26,11,2.0,0,14.0,14.0,8,35,15.25,0.0,5895,1,0.0,3
2014-08-27,7,2.0,0,11.0,14.0,8,35,11.5,0.0,5902,2,0.0,3
2014-08-28,12,2.0,0,7.0,11.0,8,35,11.0,0.0,5914,3,0.0,3
2014-08-29,9,2.0,0,12.0,7.0,8,35,9.75,0.0,5923,4,0.0,3
2014-08-30,13,2.0,0,9.0,12.0,8,35,10.25,0.0,5936,5,0.0,3
2014-08-31,15,2.0,0,13.0,9.0,8,35,12.25,0.0,5951,6,0.0,3
2014-09-01,18,2.0,1,15.0,13.0,9,36,13.75,2.0,5969,0,0.0,3
2014-09-02,13,2.0,1,18.0,15.0,9,36,14.75,2.0,5982,1,0.0,3
2014-09-03,10,2.0,1,13.0,18.0,9,36,14.0,2.0,5992,2,0.0,3
2014-09-04,14,2.0,1,10.0,13.0,9,36,13.75,2.0,6006,3,0.0,3
2014-09-05,14,2.0,1,14.0,10.0,9,36,12.75,2.0,6020,4,0.0,3
2014-09-06,28,2.0,1,14.0,14.0,9,36,16.5,2.0,6048,5,0.0,3
2014-09-07,24,2.0,1,28.0,14.0,9,36,20.0,2.0,6072,6,0.0,3
2014-09-08,17,2.0,1,24.0,28.0,9,37,20.75,2.0,6089,0,0.0,3
2014-09-09,11,2.0,1,17.0,24.0,9,37,20.0,2.0,6100,1,0.0,3
2014-09-10,11,2.0,1,11.0,17.0,9,37,15.75,2.0,6111,2,0.0,3
2014-09-11,14,2.0,0,11.0,11.0,9,37,13.25,0.0,6125,3,0.0,3
2014-09-12,7,2.0,0,14.0,11.0,9,37,10.75,0.0,6132,4,0.0,3
2014-09-13,12,2.0,0,7.0,14.0,9,37,11.0,0.0,6144,5,0.0,3
2014-09-14,8,2.0,0,12.0,7.0,9,37,10.25,0.0,6152,6,0.0,3
2014-09-15,10,2.0,0,8.0,12.0,9,38,9.25,0.0,6162,0,0.0,3
2014-09-16,7,2.0,0,10.0,8.0,9,38,9.25,0.0,6169,1,0.0,3
2014-09-17,10,2.0,0,7.0,10.0,9,38,8.75,0.0,6179,2,0.0,3
2014-09-18,8,2.0,0,10.0,7.0,9,38,8.75,0.0,6187,3,0.0,3
2014-09-19,16,2.0,0,8.0,10.0,9,38,10.25,0.0,6203,4,0.0,3
2014-09-20,14,2.0,0,16.0,8.0,9,38,12.0,0.0,6217,5,0.0,3
2014-09-21,0,2.0,0,14.0,16.0,9,38,9.5,0.0,6217,6,0.0,3
2014-09-22,15,2.0,0,0.0,14.0,9,39,11.25,0.0,6232,0,0.0,3
2014-09-23,6,2.0,0,15.0,0.0,9,39,8.75,0.0,6238,1,0.0,3
2014-09-24,3,2.0,0,6.0,15.0,9,39,6.0,0.0,6241,2,0.0,3
2014-09-25,0,2.0,0,3.0,6.0,9,39,6.0,0.0,6241,3,0.0,3
2014-09-26,11,2.0,0,0.0,3.0,9,39,5.0,0.0,6252,4,0.0,3
2014-09-27,11,2.0,0,11.0,0.0,9,39,6.25,0.0,6263,5,0.0,3
2014-09-28,18,2.0,0,11.0,11.0,9,39,10.0,0.0,6281,6,0.0,3
2014-09-29,10,2.0,0,18.0,11.0,9,40,12.5,0.0,6291,0,0.0,3
2014-09-30,11,2.0,0,10.0,18.0,9,40,12.5,0.0,6302,1,0.0,3
2014-10-01,12,2.0,1,11.0,10.0,10,40,12.75,2.0,6314,2,0.0,4
2014-10-02,0,2.0,1,12.0,11.0,10,40,8.25,2.0,6314,3,0.0,4
2014-10-03,18,2.0,1,0.0,12.0,10,40,10.25,2.0,6332,4,0.0,4
2014-10-04,29,2.0,1,18.0,0.0,10,40,14.75,2.0,6361,5,0.0,4
2014-10-05,19,2.0,1,29.0,18.0,10,40,16.5,2.0,6380,6,0.0,4
2014-10-06,6,2.0,1,19.0,29.0,10,41,18.0,2.0,6386,0,0.0,4
2014-10-07,18,2.0,1,6.0,19.0,10,41,18.0,2.0,6404,1,0.0,4
2014-10-08,16,2.0,1,18.0,6.0,10,41,14.75,2.0,6420,2,0.0,4
2014-10-09,13,2.0,1,16.0,18.0,10,41,13.25,2.0,6433,3,0.0,4
2014-10-10,45,2.0,1,13.0,16.0,10,41,23.0,2.0,6478,4,0.0,4
2014-10-11,4,2.0,0,45.0,13.0,10,41,19.5,0.0,6482,5,0.0,4
2014-10-12,16,2.0,0,4.0,45.0,10,41,19.5,0.0,6498,6,0.0,4
2014-10-13,8,2.0,0,16.0,4.0,10,42,18.25,0.0,6506,0,0.0,4
2014-10-14,0,2.0,0,8.0,16.0,10,42,7.0,0.0,6506,1,0.0,4
2014-10-15,13,2.0,0,0.0,8.0,10,42,9.25,0.0,6519,2,0.0,4
2014-10-16,6,2.0,0,13.0,0.0,10,42,6.75,0.0,6525,3,0.0,4
2014-10-17,10,2.0,0,6.0,13.0,10,42,7.25,0.0,6535,4,0.0,4
2014-10-18,23,2.0,0,10.0,6.0,10,42,13.0,0.0,6558,5,0.0,4
2014-10-19,17,2.0,0,23.0,10.0,10,42,14.0,0.0,6575,6,0.0,4
2014-10-20,9,2.0,0,17.0,23.0,10,43,14.75,0.0,6584,0,0.0,4
2014-10-21,11,2.0,0,9.0,17.0,10,43,15.0,0.0,6595,1,0.0,4
2014-10-22,18,2.0,0,11.0,9.0,10,43,13.75,0.0,6613,2,0.0,4
2014-10-23,10,2.0,0,18.0,11.0,10,43,12.0,0.0,6623,3,0.0,4
2014-10-24,12,2.0,0,10.0,18.0,10,43,12.75,0.0,6635,4,0.0,4
2014-10-25,19,2.0,0,12.0,10.0,10,43,14.75,0.0,6654,5,0.0,4
2014-10-26,14,2.0,0,19.0,12.0,10,43,13.75,0.0,6668,6,0.0,4
2014-10-27,20,2.0,0,14.0,19.0,10,44,16.25,0.0,6688,0,0.0,4
2014-10-28,8,2.0,0,20.0,14.0,10,44,15.25,0.0,6696,1,0.0,4
2014-10-29,7,2.0,0,8.0,20.0,10,44,12.25,0.0,6703,2,0.0,4
2014-10-30,8,2.0,0,7.0,8.0,10,44,10.75,0.0,6711,3,0.0,4
2014-10-31,10,2.0,0,8.0,7.0,10,44,8.25,0.0,6721,4,0.0,4
2014-11-01,21,2.0,1,10.0,8.0,11,44,11.5,2.0,6742,5,0.0,4
2014-11-02,12,2.0,1,21.0,10.0,11,44,12.75,2.0,6754,6,0.0,4
2014-11-03,14,2.0,1,12.0,21.0,11,45,14.25,2.0,6768,0,0.0,4
2014-11-04,23,2.0,1,14.0,12.0,11,45,17.5,2.0,6791,1,0.0,4
2014-11-05,9,2.0,1,23.0,14.0,11,45,14.5,2.0,6800,2,0.0,4
2014-11-06,14,2.0,1,9.0,23.0,11,45,15.0,2.0,6814,3,0.0,4
2014-11-07,16,2.0,1,14.0,9.0,11,45,15.5,2.0,6830,4,0.0,4
2014-11-08,19,2.0,1,16.0,14.0,11,45,14.5,2.0,6849,5,0.0,4
2014-11-09,18,2.0,1,19.0,16.0,11,45,16.75,2.0,6867,6,0.0,4
2014-11-10,24,2.0,1,18.0,19.0,11,46,19.25,2.0,6891,0,0.0,4
2014-11-11,21,2.0,0,24.0,18.0,11,46,20.5,0.0,6912,1,0.0,4
2014-11-12,8,2.0,0,21.0,24.0,11,46,17.75,0.0,6920,2,0.0,4
2014-11-13,11,2.0,0,8.0,21.0,11,46,16.0,0.0,6931,3,0.0,4
2014-11-14,14,2.0,0,11.0,8.0,11,46,13.5,0.0,6945,4,0.0,4
2014-11-15,11,2.0,0,14.0,11.0,11,46,11.0,0.0,6956,5,0.0,4
2014-11-16,15,2.0,0,11.0,14.0,11,46,12.75,0.0,6971,6,0.0,4
2014-11-17,27,2.0,0,15.0,11.0,11,47,16.75,0.0,6998,0,0.0,4
2014-11-18,9,2.0,0,27.0,15.0,11,47,15.5,0.0,7007,1,0.0,4
2014-11-19,4,2.0,0,9.0,27.0,11,47,13.75,0.0,7011,2,0.0,4
2014-11-20,7,2.0,0,4.0,9.0,11,47,11.75,0.0,7018,3,0.0,4
2014-11-21,11,2.0,0,7.0,4.0,11,47,7.75,0.0,7029,4,0.0,4
2014-11-22,26,2.0,0,11.0,7.0,11,47,12.0,0.0,7055,5,0.0,4
2014-11-23,19,2.0,0,26.0,11.0,11,47,15.75,0.0,7074,6,0.0,4
2014-11-24,12,2.0,0,19.0,26.0,11,48,17.0,0.0,7086,0,0.0,4
2014-11-25,13,2.0,0,12.0,19.0,11,48,17.5,0.0,7099,1,0.0,4
2014-11-26,15,2.0,0,13.0,12.0,11,48,14.75,0.0,7114,2,0.0,4
2014-11-27,7,2.0,0,15.0,13.0,11,48,11.75,0.0,7121,3,0.0,4
2014-11-28,9,2.0,0,7.0,15.0,11,48,11.0,0.0,7130,4,0.0,4
2014-11-29,10,2.0,0,9.0,7.0,11,48,10.25,0.0,7140,5,0.0,4
2014-11-30,11,2.0,0,10.0,9.0,11,48,9.25,0.0,7151,6,0.0,4
2014-12-01,13,2.0,1,11.0,10.0,12,49,10.75,2.0,7164,0,0.0,4
2014-12-02,11,2.0,1,13.0,11.0,12,49,11.25,2.0,7175,1,0.0,4
2014-12-03,16,2.0,1,11.0,13.0,12,49,12.75,2.0,7191,2,0.0,4
2014-12-04,20,2.0,1,16.0,11.0,12,49,15.0,2.0,7211,3,0.0,4
2014-12-05,14,2.0,1,20.0,16.0,12,49,15.25,2.0,7225,4,0.0,4
2014-12-06,29,2.0,1,14.0,20.0,12,49,19.75,2.0,7254,5,0.0,4
2014-12-07,14,2.0,1,29.0,14.0,12,49,19.25,2.0,7268,6,0.0,4
2014-12-08,19,2.0,1,14.0,29.0,12,50,19.0,2.0,7287,0,0.0,4
2014-12-09,8,2.0,1,19.0,14.0,12,50,17.5,2.0,7295,1,0.0,4
2014-12-10,17,2.0,1,8.0,19.0,12,50,14.5,2.0,7312,2,0.0,4
2014-12-11,2,2.0,0,17.0,8.0,12,50,11.5,0.0,7314,3,0.0,4
2014-12-12,14,2.0,0,2.0,17.0,12,50,10.25,0.0,7328,4,0.0,4
2014-12-13,19,2.0,0,14.0,2.0,12,50,13.0,0.0,7347,5,0.0,4
2014-12-14,14,2.0,0,19.0,14.0,12,50,12.25,0.0,7361,6,0.0,4
2014-12-15,18,2.0,0,14.0,19.0,12,51,16.25,0.0,7379,0,0.0,4
2014-12-16,10,2.0,0,18.0,14.0,12,51,15.25,0.0,7389,1,0.0,4
2014-12-17,5,2.0,0,10.0,18.0,12,51,11.75,0.0,7394,2,0.0,4
2014-12-18,11,2.0,0,5.0,10.0,12,51,11.0,0.0,7405,3,0.0,4
2014-12-19,14,2.0,0,11.0,5.0,12,51,10.0,0.0,7419,4,0.0,4
2014-12-20,35,2.0,0,14.0,11.0,12,51,16.25,0.0,7454,5,0.0,4
2014-12-21,12,2.0,0,35.0,14.0,12,51,18.0,0.0,7466,6,0.0,4
2014-12-22,20,2.0,0,12.0,35.0,12,52,20.25,0.0,7486,0,0.0,4
2014-12-23,17,2.0,0,20.0,12.0,12,52,21.0,0.0,7503,1,0.0,4
2014-12-24,19,2.0,0,17.0,20.0,12,52,17.0,0.0,7522,2,0.0,4
2014-12-25,0,2.0,0,19.0,17.0,12,52,14.0,0.0,7522,3,0.0,4
2014-12-26,18,2.0,0,0.0,19.0,12,52,13.5,0.0,7540,4,0.0,4
2014-12-27,16,2.0,0,18.0,0.0,12,52,13.25,0.0,7556,5,0.0,4
2014-12-28,10,2.0,0,16.0,18.0,12,52,11.0,0.0,7566,6,0.0,4
2014-12-29,13,2.0,0,10.0,16.0,12,1,14.25,0.0,7579,0,0.0,4
2014-12-30,12,2.0,0,13.0,10.0,12,1,12.75,0.0,7591,1,0.0,4
2014-12-31,14,2.0,0,12.0,13.0,12,1,12.25,0.0,7605,2,0.0,4
2015-01-01,0,2.0,1,14.0,12.0,1,1,9.75,2.0,7605,3,0.0,1
2015-01-02,18,2.0,1,0.0,14.0,1,1,11.0,2.0,7623,4,0.0,1
2015-01-03,6,2.0,1,18.0,0.0,1,1,9.5,2.0,7629,5,0.0,1
2015-01-04,24,2.0,1,6.0,18.0,1,1,12.0,2.0,7653,6,0.0,1
2015-01-05,0,2.0,1,24.0,6.0,1,2,12.0,2.0,7653,0,0.0,1
2015-01-06,0,2.0,1,0.0,24.0,1,2,7.5,2.0,7653,1,0.0,1
2015-01-07,17,2.0,1,0.0,0.0,1,2,10.25,2.0,7670,2,0.0,1
2015-01-08,14,2.0,1,17.0,0.0,1,2,7.75,2.0,7684,3,0.0,1
2015-01-09,30,2.0,1,14.0,17.0,1,2,15.25,2.0,7714,4,0.0,1
2015-01-10,11,2.0,1,30.0,14.0,1,2,18.0,2.0,7725,5,0.0,1
2015-01-11,23,2.0,0,11.0,30.0,1,2,19.5,0.0,7748,6,0.0,1
2015-01-12,10,2.0,0,23.0,11.0,1,3,18.5,0.0,7758,0,0.0,1
2015-01-13,23,2.0,0,10.0,23.0,1,3,16.75,0.0,7781,1,0.0,1
2015-01-14,9,2.0,0,23.0,10.0,1,3,16.25,0.0,7790,2,0.0,1
2015-01-15,11,2.0,0,9.0,23.0,1,3,13.25,0.0,7801,3,0.0,1
2015-01-16,17,2.0,0,11.0,9.0,1,3,15.0,0.0,7818,4,0.0,1
2015-01-17,10,2.0,0,17.0,11.0,1,3,11.75,0.0,7828,5,0.0,1
2015-01-18,17,2.0,0,10.0,17.0,1,3,13.75,0.0,7845,6,0.0,1
2015-01-19,20,2.0,0,17.0,10.0,1,4,16.0,0.0,7865,0,0.0,1
2015-01-20,4,2.0,0,20.0,17.0,1,4,12.75,0.0,7869,1,0.0,1
2015-01-21,4,2.0,0,4.0,20.0,1,4,11.25,0.0,7873,2,0.0,1
2015-01-22,3,2.0,0,4.0,4.0,1,4,7.75,0.0,7876,3,0.0,1
2015-01-23,8,2.0,0,3.0,4.0,1,4,4.75,0.0,7884,4,0.0,1
2015-01-24,26,2.0,0,8.0,3.0,1,4,10.25,0.0,7910,5,0.0,1
2015-01-25,6,2.0,0,26.0,8.0,1,4,10.75,0.0,7916,6,0.0,1
2015-01-26,0,2.0,0,6.0,26.0,1,5,10.0,0.0,7916,0,0.0,1
2015-01-27,7,2.0,0,0.0,6.0,1,5,9.75,0.0,7923,1,0.0,1
2015-01-28,13,2.0,0,7.0,0.0,1,5,6.5,0.0,7936,2,0.0,1
2015-01-29,4,2.0,0,13.0,7.0,1,5,6.0,0.0,7940,3,0.0,1
2015-01-30,14,2.0,0,4.0,13.0,1,5,9.5,0.0,7954,4,0.0,1
2015-01-31,21,2.0,0,14.0,4.0,1,5,13.0,0.0,7975,5,0.0,1
2015-02-01,10,2.0,1,21.0,14.0,2,5,12.25,2.0,7985,6,0.0,1
2015-02-02,11,2.0,1,10.0,21.0,2,6,14.0,2.0,7996,0,0.0,1
2015-02-03,12,2.0,1,11.0,10.0,2,6,13.5,2.0,8008,1,0.0,1
2015-02-04,12,2.0,1,12.0,11.0,2,6,11.25,2.0,8020,2,0.0,1
2015-02-05,11,2.0,1,12.0,12.0,2,6,11.5,2.0,8031,3,0.0,1
2015-02-06,5,2.0,1,11.0,12.0,2,6,10.0,2.0,8036,4,0.0,1
2015-02-07,18,2.0,1,5.0,11.0,2,6,11.5,2.0,8054,5,0.0,1
2015-02-08,15,2.0,1,18.0,5.0,2,6,12.25,2.0,8069,6,0.0,1
2015-02-09,19,2.0,1,15.0,18.0,2,7,14.25,2.0,8088,0,0.0,1
2015-02-10,11,2.0,1,19.0,15.0,2,7,15.75,2.0,8099,1,0.0,1
2015-02-11,14,2.0,0,11.0,19.0,2,7,14.75,0.0,8113,2,0.0,1
2015-02-12,15,2.0,0,14.0,11.0,2,7,14.75,0.0,8128,3,0.0,1
2015-02-13,11,2.0,0,15.0,14.0,2,7,12.75,0.0,8139,4,0.0,1
2015-02-14,11,2.0,0,11.0,15.0,2,7,12.75,0.0,8150,5,0.0,1
2015-02-15,14,2.0,0,11.0,11.0,2,7,12.75,0.0,8164,6,0.0,1
2015-02-16,13,2.0,0,14.0,11.0,2,8,12.25,0.0,8177,0,0.0,1
2015-02-17,8,2.0,0,13.0,14.0,2,8,11.5,0.0,8185,1,0.0,1
2015-02-18,5,2.0,0,8.0,13.0,2,8,10.0,0.0,8190,2,0.0,1
2015-02-19,7,2.0,0,5.0,8.0,2,8,8.25,0.0,8197,3,0.0,1
2015-02-20,17,2.0,0,7.0,5.0,2,8,9.25,0.0,8214,4,0.0,1
2015-02-21,16,2.0,0,17.0,7.0,2,8,11.25,0.0,8230,5,0.0,1
2015-02-22,14,2.0,0,16.0,17.0,2,8,13.5,0.0,8244,6,0.0,1
2015-02-23,13,2.0,0,14.0,16.0,2,9,15.0,0.0,8257,0,0.0,1
2015-02-24,8,2.0,0,13.0,14.0,2,9,12.75,0.0,8265,1,0.0,1
2015-02-25,9,2.0,0,8.0,13.0,2,9,11.0,0.0,8274,2,0.0,1
2015-02-26,1,2.0,0,9.0,8.0,2,9,7.75,0.0,8275,3,0.0,1
2015-02-27,0,2.0,0,1.0,9.0,2,9,4.5,0.0,8275,4,0.0,1
2015-02-28,0,2.0,0,0.0,1.0,2,9,2.5,0.0,8275,5,0.0,1
2015-03-01,14,2.0,1,0.0,0.0,3,9,3.75,2.0,8289,6,0.0,1
2015-03-02,9,2.0,1,14.0,0.0,3,10,5.75,2.0,8298,0,0.0,1
2015-03-03,1,2.0,1,9.0,14.0,3,10,6.0,2.0,8299,1,0.0,1
2015-03-04,0,2.0,1,1.0,9.0,3,10,6.0,2.0,8299,2,0.0,1
2015-03-05,0,2.0,1,0.0,1.0,3,10,2.5,2.0,8299,3,0.0,1
2015-03-06,0,2.0,1,0.0,0.0,3,10,0.25,2.0,8299,4,0.0,1
2015-03-07,0,2.0,1,0.0,0.0,3,10,0.0,2.0,8299,5,0.0,1
2015-03-08,9,2.0,1,0.0,0.0,3,10,2.25,2.0,8308,6,0.0,1
2015-03-09,26,2.0,1,9.0,0.0,3,11,8.75,2.0,8334,0,0.0,1
2015-03-10,13,2.0,1,26.0,9.0,3,11,12.0,2.0,8347,1,0.0,1
2015-03-11,13,2.0,0,13.0,26.0,3,11,15.25,0.0,8360,2,0.0,1
2015-03-12,5,2.0,0,13.0,13.0,3,11,14.25,0.0,8365,3,0.0,1
2015-03-13,7,2.0,0,5.0,13.0,3,11,9.5,0.0,8372,4,0.0,1
2015-03-14,24,2.0,0,7.0,5.0,3,11,12.25,0.0,8396,5,0.0,1
2015-03-15,0,2.0,0,24.0,7.0,3,11,9.0,0.0,8396,6,0.0,1
2015-03-16,0,2.0,0,0.0,24.0,3,12,7.75,0.0,8396,0,0.0,1
2015-03-17,10,2.0,0,0.0,0.0,3,12,8.5,0.0,8406,1,0.0,1
2015-03-18,7,2.0,0,10.0,0.0,3,12,4.25,0.0,8413,2,0.0,1
2015-03-19,11,2.0,0,7.0,10.0,3,12,7.0,0.0,8424,3,0.0,1
2015-03-20,17,2.0,0,11.0,7.0,3,12,11.25,0.0,8441,4,0.0,1
2015-03-21,20,2.0,0,17.0,11.0,3,12,13.75,0.0,8461,5,0.0,1
2015-03-22,13,2.0,0,20.0,17.0,3,12,15.25,0.0,8474,6,0.0,1
2015-03-23,12,2.0,0,13.0,20.0,3,13,15.5,0.0,8486,0,0.0,1
2015-03-24,5,2.0,0,12.0,13.0,3,13,12.5,0.0,8491,1,0.0,1
2015-03-25,1,2.0,0,5.0,12.0,3,13,7.75,0.0,8492,2,0.0,1
2015-03-26,7,2.0,0,1.0,5.0,3,13,6.25,0.0,8499,3,0.0,1
2015-03-27,13,2.0,0,7.0,1.0,3,13,6.5,0.0,8512,4,0.0,1
2015-03-28,16,2.0,0,13.0,7.0,3,13,9.25,0.0,8528,5,0.0,1
2015-03-29,13,2.0,0,16.0,13.0,3,13,12.25,0.0,8541,6,0.0,1
2015-03-30,9,2.0,0,13.0,16.0,3,14,12.75,0.0,8550,0,0.0,1
2015-03-31,12,2.0,0,9.0,13.0,3,14,12.5,0.0,8562,1,0.0,1
2015-04-01,13,2.0,1,12.0,9.0,4,14,11.75,2.0,8575,2,0.0,2
2015-04-02,13,2.0,1,13.0,12.0,4,14,11.75,2.0,8588,3,0.0,2
2015-04-03,21,2.0,1,13.0,13.0,4,14,14.75,2.0,8609,4,0.0,2
2015-04-04,0,2.0,1,21.0,13.0,4,14,11.75,2.0,8609,5,0.0,2
2015-04-05,13,2.0,1,0.0,21.0,4,14,11.75,2.0,8622,6,0.0,2
2015-04-06,11,2.0,1,13.0,0.0,4,15,11.25,2.0,8633,0,0.0,2
2015-04-07,6,2.0,1,11.0,13.0,4,15,7.5,2.0,8639,1,0.0,2
2015-04-08,15,2.0,1,6.0,11.0,4,15,11.25,2.0,8654,2,0.0,2
2015-04-09,3,2.0,1,15.0,6.0,4,15,8.75,2.0,8657,3,0.0,2
2015-04-10,21,2.0,1,3.0,15.0,4,15,11.25,2.0,8678,4,0.0,2
2015-04-11,11,2.0,0,21.0,3.0,4,15,12.5,0.0,8689,5,0.0,2
2015-04-12,11,2.0,0,11.0,21.0,4,15,11.5,0.0,8700,6,0.0,2
2015-04-13,11,2.0,0,11.0,11.0,4,16,13.5,0.0,8711,0,0.0,2
2015-04-14,13,2.0,0,11.0,11.0,4,16,11.5,0.0,8724,1,0.0,2
2015-04-15,11,2.0,0,13.0,11.0,4,16,11.5,0.0,8735,2,0.0,2
2015-04-16,6,2.0,0,11.0,13.0,4,16,10.25,0.0,8741,3,0.0,2
2015-04-17,20,2.0,0,6.0,11.0,4,16,12.5,0.0,8761,4,0.0,2
2015-04-18,13,2.0,0,20.0,6.0,4,16,12.5,0.0,8774,5,0.0,2
2015-04-19,21,2.0,0,13.0,20.0,4,16,15.0,0.0,8795,6,0.0,2
2015-04-20,3,2.0,0,21.0,13.0,4,17,14.25,0.0,8798,0,0.0,2
2015-04-21,11,2.0,0,3.0,21.0,4,17,12.0,0.0,8809,1,0.0,2
2015-04-22,7,2.0,0,11.0,3.0,4,17,10.5,0.0,8816,2,0.0,2
2015-04-23,14,2.0,0,7.0,11.0,4,17,8.75,0.0,8830,3,0.0,2
2015-04-24,11,2.0,0,14.0,7.0,4,17,10.75,0.0,8841,4,0.0,2
2015-04-25,13,2.0,0,11.0,14.0,4,17,11.25,0.0,8854,5,0.0,2
2015-04-26,7,2.0,0,13.0,11.0,4,17,11.25,0.0,8861,6,0.0,2
2015-04-27,7,2.0,0,7.0,13.0,4,18,9.5,0.0,8868,0,0.0,2
2015-04-28,13,2.0,0,7.0,7.0,4,18,10.0,0.0,8881,1,0.0,2
2015-04-29,1,2.0,0,13.0,7.0,4,18,7.0,0.0,8882,2,0.0,2
2015-04-30,6,2.0,0,1.0,13.0,4,18,6.75,0.0,8888,3,0.0,2
2015-05-01,14,2.0,1,6.0,1.0,5,18,8.5,2.0,8902,4,0.0,2
2015-05-02,26,2.0,1,14.0,6.0,5,18,11.75,2.0,8928,5,0.0,2
2015-05-03,16,2.0,1,26.0,14.0,5,18,15.5,2.0,8944,6,0.0,2
2015-05-04,10,2.0,1,16.0,26.0,5,19,16.5,2.0,8954,0,0.0,2
2015-05-05,0,2.0,1,10.0,16.0,5,19,13.0,2.0,8954,1,0.0,2
2015-05-06,15,2.0,1,0.0,10.0,5,19,10.25,2.0,8969,2,0.0,2
2015-05-07,18,2.0,1,15.0,0.0,5,19,10.75,2.0,8987,3,0.0,2
2015-05-08,25,2.0,1,18.0,15.0,5,19,14.5,2.0,9012,4,0.0,2
2015-05-09,11,2.0,1,25.0,18.0,5,19,17.25,2.0,9023,5,0.0,2
2015-05-10,0,2.0,1,11.0,25.0,5,19,13.5,2.0,9023,6,0.0,2
2015-05-11,10,2.0,0,0.0,11.0,5,20,11.5,0.0,9033,0,0.0,2
2015-05-12,12,2.0,0,10.0,0.0,5,20,8.25,0.0,9045,1,0.0,2
2015-05-13,10,2.0,0,12.0,10.0,5,20,8.0,0.0,9055,2,0.0,2
2015-05-14,10,2.0,0,10.0,12.0,5,20,10.5,0.0,9065,3,0.0,2
2015-05-15,16,2.0,0,10.0,10.0,5,20,12.0,0.0,9081,4,0.0,2
2015-05-16,17,2.0,0,16.0,10.0,5,20,13.25,0.0,9098,5,0.0,2
2015-05-17,15,2.0,0,17.0,16.0,5,20,14.5,0.0,9113,6,0.0,2
2015-05-18,8,2.0,0,15.0,17.0,5,21,14.0,0.0,9121,0,0.0,2
2015-05-19,9,2.0,0,8.0,15.0,5,21,12.25,0.0,9130,1,0.0,2
2015-05-20,4,2.0,0,9.0,8.0,5,21,9.0,0.0,9134,2,0.0,2
2015-05-21,9,2.0,0,4.0,9.0,5,21,7.5,0.0,9143,3,0.0,2
2015-05-22,9,2.0,0,9.0,4.0,5,21,7.75,0.0,9152,4,0.0,2
2015-05-23,9,2.0,0,9.0,9.0,5,21,7.75,0.0,9161,5,0.0,2
2015-05-24,13,2.0,0,9.0,9.0,5,21,10.0,0.0,9174,6,0.0,2
2015-05-25,3,2.0,0,13.0,9.0,5,22,8.5,0.0,9177,0,0.0,2
2015-05-26,8,2.0,0,3.0,13.0,5,22,8.25,0.0,9185,1,0.0,2
2015-05-27,5,2.0,0,8.0,3.0,5,22,7.25,0.0,9190,2,0.0,2
2015-05-28,5,2.0,0,5.0,8.0,5,22,5.25,0.0,9195,3,0.0,2
2015-05-29,7,2.0,0,5.0,5.0,5,22,6.25,0.0,9202,4,0.0,2
2015-05-30,12,2.0,0,7.0,5.0,5,22,7.25,0.0,9214,5,0.0,2
2015-05-31,19,2.0,0,12.0,7.0,5,22,10.75,0.0,9233,6,0.0,2
2015-06-01,15,2.0,1,19.0,12.0,6,23,13.25,2.0,9248,0,0.0,2
2015-06-02,13,2.0,1,15.0,19.0,6,23,14.75,2.0,9261,1,0.0,2
2015-06-03,10,2.0,1,13.0,15.0,6,23,14.25,2.0,9271,2,0.0,2
2015-06-04,23,2.0,1,10.0,13.0,6,23,15.25,2.0,9294,3,0.0,2
2015-06-05,2,2.0,1,23.0,10.0,6,23,12.0,2.0,9296,4,0.0,2
2015-06-06,19,2.0,1,2.0,23.0,6,23,13.5,2.0,9315,5,0.0,2
2015-06-07,5,2.0,1,19.0,2.0,6,23,12.25,2.0,9320,6,0.0,2
2015-06-08,14,2.0,1,5.0,19.0,6,24,10.0,2.0,9334,0,0.0,2
2015-06-09,15,2.0,1,14.0,5.0,6,24,13.25,2.0,9349,1,0.0,2
2015-06-10,7,2.0,1,15.0,14.0,6,24,10.25,2.0,9356,2,0.0,2
2015-06-11,5,2.0,0,7.0,15.0,6,24,10.25,0.0,9361,3,0.0,2
2015-06-12,30,2.0,0,5.0,7.0,6,24,14.25,0.0,9391,4,0.0,2
2015-06-13,15,2.0,0,30.0,5.0,6,24,14.25,0.0,9406,5,0.0,2
2015-06-14,20,2.0,0,15.0,30.0,6,24,17.5,0.0,9426,6,0.0,2
2015-06-15,7,2.0,0,20.0,15.0,6,25,18.0,0.0,9433,0,0.0,2
2015-06-16,12,2.0,0,7.0,20.0,6,25,13.5,0.0,9445,1,0.0,2
2015-06-17,14,2.0,0,12.0,7.0,6,25,13.25,0.0,9459,2,0.0,2
2015-06-18,8,2.0,0,14.0,12.0,6,25,10.25,0.0,9467,3,0.0,2
2015-06-19,12,2.0,0,8.0,14.0,6,25,11.5,0.0,9479,4,0.0,2
2015-06-20,9,2.0,0,12.0,8.0,6,25,10.75,0.0,9488,5,0.0,2
2015-06-21,8,2.0,0,9.0,12.0,6,25,9.25,0.0,9496,6,0.0,2
2015-06-22,14,2.0,0,8.0,9.0,6,26,10.75,0.0,9510,0,0.0,2
2015-06-23,12,2.0,0,14.0,8.0,6,26,10.75,0.0,9522,1,0.0,2
2015-06-24,11,2.0,0,12.0,14.0,6,26,11.25,0.0,9533,2,0.0,2
2015-06-25,9,2.0,0,11.0,12.0,6,26,11.5,0.0,9542,3,0.0,2
2015-06-26,15,2.0,0,9.0,11.0,6,26,11.75,0.0,9557,4,0.0,2
2015-06-27,30,2.0,0,15.0,9.0,6,26,16.25,0.0,9587,5,0.0,2
2015-06-28,17,2.0,0,30.0,15.0,6,26,17.75,0.0,9604,6,0.0,2
2015-06-29,13,2.0,0,17.0,30.0,6,27,18.75,0.0,9617,0,0.0,2
2015-06-30,5,2.0,0,13.0,17.0,6,27,16.25,0.0,9622,1,0.0,2
2015-07-01,15,2.0,1,5.0,13.0,7,27,12.5,2.0,9637,2,0.0,3
2015-07-02,14,2.0,1,15.0,5.0,7,27,11.75,2.0,9651,3,0.0,3
2015-07-03,9,2.0,1,14.0,15.0,7,27,10.75,2.0,9660,4,0.0,3
2015-07-04,14,2.0,1,9.0,14.0,7,27,13.0,2.0,9674,5,0.0,3
2015-07-05,13,2.0,1,14.0,9.0,7,27,12.5,2.0,9687,6,0.0,3
2015-07-06,25,2.0,1,13.0,14.0,7,28,15.25,2.0,9712,0,0.0,3
2015-07-07,12,2.0,1,25.0,13.0,7,28,16.0,2.0,9724,1,0.0,3
2015-07-08,8,2.0,1,12.0,25.0,7,28,14.5,2.0,9732,2,0.0,3
2015-07-09,16,2.0,1,8.0,12.0,7,28,15.25,2.0,9748,3,0.0,3
2015-07-10,0,2.0,1,16.0,8.0,7,28,9.0,2.0,9748,4,0.0,3
2015-07-11,0,2.0,0,0.0,16.0,7,28,6.0,0.0,9748,5,0.0,3
2015-07-12,23,2.0,0,0.0,0.0,7,28,9.75,0.0,9771,6,0.0,3
2015-07-13,17,2.0,0,23.0,0.0,7,29,10.0,0.0,9788,0,0.0,3
2015-07-14,15,2.0,0,17.0,23.0,7,29,13.75,0.0,9803,1,0.0,3
2015-07-15,18,2.0,0,15.0,17.0,7,29,18.25,0.0,9821,2,0.0,3
2015-07-16,0,2.0,0,18.0,15.0,7,29,12.5,0.0,9821,3,0.0,3
2015-07-17,0,2.0,0,0.0,18.0,7,29,8.25,0.0,9821,4,0.0,3
2015-07-18,13,2.0,0,0.0,0.0,7,29,7.75,0.0,9834,5,0.0,3
2015-07-19,18,2.0,0,13.0,0.0,7,29,7.75,0.0,9852,6,0.0,3
2015-07-20,14,2.0,0,18.0,13.0,7,30,11.25,0.0,9866,0,0.0,3
2015-07-21,6,2.0,0,14.0,18.0,7,30,12.75,0.0,9872,1,0.0,3
2015-07-22,10,2.0,0,6.0,14.0,7,30,12.0,0.0,9882,2,0.0,3
2015-07-23,15,2.0,0,10.0,6.0,7,30,11.25,0.0,9897,3,0.0,3
2015-07-24,19,2.0,0,15.0,10.0,7,30,12.5,0.0,9916,4,0.0,3
2015-07-25,21,2.0,0,19.0,15.0,7,30,16.25,0.0,9937,5,0.0,3
2015-07-26,3,2.0,0,21.0,19.0,7,30,14.5,0.0,9940,6,0.0,3
2015-07-27,4,2.0,0,3.0,21.0,7,31,11.75,0.0,9944,0,0.0,3
2015-07-28,14,2.0,0,4.0,3.0,7,31,10.5,0.0,9958,1,0.0,3
2015-07-29,19,2.0,0,14.0,4.0,7,31,10.0,0.0,9977,2,0.0,3
2015-07-30,10,2.0,0,19.0,14.0,7,31,11.75,0.0,9987,3,0.0,3
2015-07-31,1,2.0,0,10.0,19.0,7,31,11.0,0.0,9988,4,0.0,3
2015-08-01,0,2.0,1,1.0,10.0,8,31,7.5,2.0,9988,5,0.0,3
2015-08-02,29,2.0,1,0.0,1.0,8,31,10.0,2.0,10017,6,0.0,3
2015-08-03,18,2.0,1,29.0,0.0,8,32,12.0,2.0,10035,0,0.0,3
2015-08-04,19,2.0,1,18.0,29.0,8,32,16.5,2.0,10054,1,0.0,3
2015-08-05,6,2.0,1,19.0,18.0,8,32,18.0,2.0,10060,2,0.0,3
2015-08-06,15,2.0,1,6.0,19.0,8,32,14.5,2.0,10075,3,0.0,3
2015-08-07,29,2.0,1,15.0,6.0,8,32,17.25,2.0,10104,4,0.0,3
2015-08-08,19,2.0,1,29.0,15.0,8,32,17.25,2.0,10123,5,0.0,3
2015-08-09,21,2.0,1,19.0,29.0,8,32,21.0,2.0,10144,6,0.0,3
2015-08-10,15,2.0,1,21.0,19.0,8,33,21.0,2.0,10159,0,0.0,3
2015-08-11,16,2.0,0,15.0,21.0,8,33,17.75,0.0,10175,1,0.0,3
2015-08-12,15,2.0,0,16.0,15.0,8,33,16.75,0.0,10190,2,0.0,3
2015-08-13,9,2.0,0,15.0,16.0,8,33,13.75,0.0,10199,3,0.0,3
2015-08-14,19,2.0,0,9.0,15.0,8,33,14.75,0.0,10218,4,0.0,3
2015-08-15,14,2.0,0,19.0,9.0,8,33,14.25,0.0,10232,5,0.0,3
2015-08-16,10,2.0,0,14.0,19.0,8,33,13.0,0.0,10242,6,0.0,3
2015-08-17,11,2.0,0,10.0,14.0,8,34,13.5,0.0,10253,0,0.0,3
2015-08-18,6,2.0,0,11.0,10.0,8,34,10.25,0.0,10259,1,0.0,3
2015-08-19,15,2.0,0,6.0,11.0,8,34,10.5,0.0,10274,2,0.0,3
2015-08-20,17,2.0,0,15.0,6.0,8,34,12.25,0.0,10291,3,0.0,3
2015-08-21,22,2.0,0,17.0,15.0,8,34,15.0,0.0,10313,4,0.0,3
2015-08-22,10,2.0,0,22.0,17.0,8,34,16.0,0.0,10323,5,0.0,3
2015-08-23,18,2.0,0,10.0,22.0,8,34,16.75,0.0,10341,6,0.0,3
2015-08-24,12,2.0,0,18.0,10.0,8,35,15.5,0.0,10353,0,0.0,3
2015-08-25,10,2.0,0,12.0,18.0,8,35,12.5,0.0,10363,1,0.0,3
2015-08-26,6,2.0,0,10.0,12.0,8,35,11.5,0.0,10369,2,0.0,3
2015-08-27,5,2.0,0,6.0,10.0,8,35,8.25,0.0,10374,3,0.0,3
2015-08-28,7,2.0,0,5.0,6.0,8,35,7.0,0.0,10381,4,0.0,3
2015-08-29,11,2.0,0,7.0,5.0,8,35,7.25,0.0,10392,5,0.0,3
2015-08-30,15,2.0,0,11.0,7.0,8,35,9.5,0.0,10407,6,0.0,3
2015-08-31,8,2.0,0,15.0,11.0,8,36,10.25,0.0,10415,0,0.0,3
2015-09-01,11,2.0,1,8.0,15.0,9,36,11.25,2.0,10426,1,0.0,3
2015-09-02,15,2.0,1,11.0,8.0,9,36,12.25,2.0,10441,2,0.0,3
2015-09-03,10,2.0,1,15.0,11.0,9,36,11.0,2.0,10451,3,0.0,3
2015-09-04,29,2.0,1,10.0,15.0,9,36,16.25,2.0,10480,4,0.0,3
2015-09-05,29,2.0,1,29.0,10.0,9,36,20.75,2.0,10509,5,0.0,3
2015-09-06,30,2.0,1,29.0,29.0,9,36,24.5,2.0,10539,6,0.0,3
2015-09-07,11,2.0,1,30.0,29.0,9,37,24.75,2.0,10550,0,0.0,3
2015-09-08,12,2.0,1,11.0,30.0,9,37,20.5,2.0,10562,1,0.0,3
2015-09-09,8,2.0,1,12.0,11.0,9,37,15.25,2.0,10570,2,0.0,3
2015-09-10,4,2.0,1,8.0,12.0,9,37,8.75,2.0,10574,3,0.0,3
2015-09-11,23,2.0,0,4.0,8.0,9,37,11.75,0.0,10597,4,0.0,3
2015-09-12,14,2.0,0,23.0,4.0,9,37,12.25,0.0,10611,5,0.0,3
2015-09-13,20,2.0,0,14.0,23.0,9,37,15.25,0.0,10631,6,0.0,3
2015-09-14,16,2.0,0,20.0,14.0,9,38,18.25,0.0,10647,0,0.0,3
2015-09-15,17,2.0,0,16.0,20.0,9,38,16.75,0.0,10664,1,0.0,3
2015-09-16,7,2.0,0,17.0,16.0,9,38,15.0,0.0,10671,2,0.0,3
2015-09-17,10,2.0,0,7.0,17.0,9,38,12.5,0.0,10681,3,0.0,3
2015-09-18,8,2.0,0,10.0,7.0,9,38,10.5,0.0,10689,4,0.0,3
2015-09-19,25,2.0,0,8.0,10.0,9,38,12.5,0.0,10714,5,0.0,3
2015-09-20,22,2.0,0,25.0,8.0,9,38,16.25,0.0,10736,6,0.0,3
2015-09-21,15,2.0,0,22.0,25.0,9,39,17.5,0.0,10751,0,0.0,3
2015-09-22,9,2.0,0,15.0,22.0,9,39,17.75,0.0,10760,1,0.0,3
2015-09-23,7,2.0,0,9.0,15.0,9,39,13.25,0.0,10767,2,0.0,3
2015-09-24,14,2.0,0,7.0,9.0,9,39,11.25,0.0,10781,3,0.0,3
2015-09-25,14,2.0,0,14.0,7.0,9,39,11.0,0.0,10795,4,0.0,3
2015-09-26,23,2.0,0,14.0,14.0,9,39,14.5,0.0,10818,5,0.0,3
2015-09-27,6,2.0,0,23.0,14.0,9,39,14.25,0.0,10824,6,0.0,3
2015-09-28,8,2.0,0,6.0,23.0,9,40,12.75,0.0,10832,0,0.0,3
2015-09-29,8,2.0,0,8.0,6.0,9,40,11.25,0.0,10840,1,0.0,3
2015-09-30,7,2.0,0,8.0,8.0,9,40,7.25,0.0,10847,2,0.0,3
2015-10-01,9,2.0,1,7.0,8.0,10,40,8.0,2.0,10856,3,0.0,4
2015-10-02,16,2.0,1,9.0,7.0,10,40,10.0,2.0,10872,4,0.0,4
2015-10-03,22,2.0,1,16.0,9.0,10,40,13.5,2.0,10894,5,0.0,4
2015-10-04,26,2.0,1,22.0,16.0,10,40,18.25,2.0,10920,6,0.0,4
2015-10-05,0,2.0,1,26.0,22.0,10,41,16.0,2.0,10920,0,0.0,4
2015-10-06,14,2.0,1,0.0,26.0,10,41,15.5,2.0,10934,1,0.0,4
2015-10-07,11,2.0,1,14.0,0.0,10,41,12.75,2.0,10945,2,0.0,4
2015-10-08,0,2.0,1,11.0,14.0,10,41,6.25,2.0,10945,3,0.0,4
2015-10-09,0,2.0,1,0.0,11.0,10,41,6.25,2.0,10945,4,0.0,4
2015-10-10,0,2.0,1,0.0,0.0,10,41,2.75,2.0,10945,5,0.0,4
2015-10-11,19,2.0,0,0.0,0.0,10,41,4.75,0.0,10964,6,0.0,4
2015-10-12,18,2.0,0,19.0,0.0,10,42,9.25,0.0,10982,0,0.0,4
2015-10-13,6,2.0,0,18.0,19.0,10,42,10.75,0.0,10988,1,0.0,4
2015-10-14,16,2.0,0,6.0,18.0,10,42,14.75,0.0,11004,2,0.0,4
2015-10-15,13,2.0,0,16.0,6.0,10,42,13.25,0.0,11017,3,0.0,4
2015-10-16,9,2.0,0,13.0,16.0,10,42,11.0,0.0,11026,4,0.0,4
2015-10-17,13,2.0,0,9.0,13.0,10,42,12.75,0.0,11039,5,0.0,4
2015-10-18,25,2.0,0,13.0,9.0,10,42,15.0,0.0,11064,6,0.0,4
2015-10-19,10,2.0,0,25.0,13.0,10,43,14.25,0.0,11074,0,0.0,4
2015-10-20,4,2.0,0,10.0,25.0,10,43,13.0,0.0,11078,1,0.0,4
2015-10-21,13,2.0,0,4.0,10.0,10,43,13.0,0.0,11091,2,0.0,4
2015-10-22,6,2.0,0,13.0,4.0,10,43,8.25,0.0,11097,3,0.0,4
2015-10-23,12,2.0,0,6.0,13.0,10,43,8.75,0.0,11109,4,0.0,4
2015-10-24,12,2.0,0,12.0,6.0,10,43,10.75,0.0,11121,5,0.0,4
2015-10-25,26,2.0,0,12.0,12.0,10,43,14.0,0.0,11147,6,0.0,4
2015-10-26,10,2.0,0,26.0,12.0,10,44,15.0,0.0,11157,0,0.0,4
2015-10-27,14,2.0,0,10.0,26.0,10,44,15.5,0.0,11171,1,0.0,4
2015-10-28,6,2.0,0,14.0,10.0,10,44,14.0,0.0,11177,2,0.0,4
2015-10-29,5,2.0,0,6.0,14.0,10,44,8.75,0.0,11182,3,0.0,4
2015-10-30,2,2.0,0,5.0,6.0,10,44,6.75,0.0,11184,4,0.0,4
2015-10-31,12,2.0,0,2.0,5.0,10,44,6.25,0.0,11196,5,0.0,4
2015-11-01,11,2.0,1,12.0,2.0,11,44,7.5,2.0,11207,6,0.0,4
2015-11-02,17,2.0,1,11.0,12.0,11,45,10.5,2.0,11224,0,0.0,4
2015-11-03,8,2.0,1,17.0,11.0,11,45,12.0,2.0,11232,1,0.0,4
2015-11-04,0,2.0,1,8.0,17.0,11,45,9.0,2.0,11232,2,0.0,4
2015-11-05,0,2.0,1,0.0,8.0,11,45,6.25,2.0,11232,3,0.0,4
2015-11-06,18,2.0,1,0.0,0.0,11,45,6.5,2.0,11250,4,0.0,4
2015-11-07,19,2.0,1,18.0,0.0,11,45,9.25,2.0,11269,5,0.0,4
2015-11-08,11,2.0,1,19.0,18.0,11,45,12.0,2.0,11280,6,0.0,4
2015-11-09,23,2.0,1,11.0,19.0,11,46,17.75,2.0,11303,0,0.0,4
2015-11-10,9,2.0,1,23.0,11.0,11,46,15.5,2.0,11312,1,0.0,4
2015-11-11,16,2.0,0,9.0,23.0,11,46,14.75,0.0,11328,2,0.0,4
2015-11-12,0,2.0,0,16.0,9.0,11,46,12.0,0.0,11328,3,0.0,4
2015-11-13,13,2.0,0,0.0,16.0,11,46,9.5,0.0,11341,4,0.0,4
2015-11-14,26,2.0,0,13.0,0.0,11,46,13.75,0.0,11367,5,0.0,4
2015-11-15,21,2.0,0,26.0,13.0,11,46,15.0,0.0,11388,6,0.0,4
2015-11-16,10,2.0,0,21.0,26.0,11,47,17.5,0.0,11398,0,0.0,4
2015-11-17,1,2.0,0,10.0,21.0,11,47,14.5,0.0,11399,1,0.0,4
2015-11-18,10,2.0,0,1.0,10.0,11,47,10.5,0.0,11409,2,0.0,4
2015-11-19,14,2.0,0,10.0,1.0,11,47,8.75,0.0,11423,3,0.0,4
2015-11-20,11,2.0,0,14.0,10.0,11,47,9.0,0.0,11434,4,0.0,4
2015-11-21,14,2.0,0,11.0,14.0,11,47,12.25,0.0,11448,5,0.0,4
2015-11-22,14,2.0,0,14.0,11.0,11,47,13.25,0.0,11462,6,0.0,4
2015-11-23,14,2.0,0,14.0,14.0,11,48,13.25,0.0,11476,0,0.0,4
2015-11-24,15,2.0,0,14.0,14.0,11,48,14.25,0.0,11491,1,0.0,4
2015-11-25,12,2.0,0,15.0,14.0,11,48,13.75,0.0,11503,2,0.0,4
2015-11-26,0,2.0,0,12.0,15.0,11,48,10.25,0.0,11503,3,0.0,4
2015-11-27,14,2.0,0,0.0,12.0,11,48,10.25,0.0,11517,4,0.0,4
2015-11-28,11,2.0,0,14.0,0.0,11,48,9.25,0.0,11528,5,0.0,4
2015-11-29,10,2.0,0,11.0,14.0,11,48,8.75,0.0,11538,6,0.0,4
2015-11-30,22,2.0,0,10.0,11.0,11,49,14.25,0.0,11560,0,0.0,4
2015-12-01,13,2.0,1,22.0,10.0,12,49,14.0,2.0,11573,1,0.0,4
2015-12-02,14,2.0,1,13.0,22.0,12,49,14.75,2.0,11587,2,0.0,4
2015-12-03,10,2.0,1,14.0,13.0,12,49,14.75,2.0,11597,3,0.0,4
2015-12-04,0,2.0,1,10.0,14.0,12,49,9.25,2.0,11597,4,0.0,4
2015-12-05,0,2.0,1,0.0,10.0,12,49,6.0,2.0,11597,5,0.0,4
2015-12-06,0,2.0,1,0.0,0.0,12,49,2.5,2.0,11597,6,0.0,4
2015-12-07,0,2.0,1,0.0,0.0,12,50,0.0,2.0,11597,0,0.0,4
2015-12-08,0,2.0,1,0.0,0.0,12,50,0.0,2.0,11597,1,0.0,4
2015-12-09,0,2.0,1,0.0,0.0,12,50,0.0,2.0,11597,2,0.0,4
2015-12-10,0,2.0,1,0.0,0.0,12,50,0.0,2.0,11597,3,0.0,4
2015-12-11,0,2.0,0,0.0,0.0,12,50,0.0,0.0,11597,4,0.0,4
2015-12-12,0,2.24,0,0.0,0.0,12,50,0.0,0.0,11597,5,0.1200000000000001,4
2015-12-13,0,2.24,0,0.0,0.0,12,50,0.0,0.0,11597,6,0.13856406460551032,4
2015-12-14,0,2.24,0,0.0,0.0,12,51,0.0,0.0,11597,0,0.1200000000000001,4
2015-12-15,0,2.24,0,0.0,0.0,12,51,0.0,0.0,11597,1,0.0,4
2015-12-16,4,2.24,0,0.0,0.0,12,51,1.0,0.0,11601,2,0.0,4
2015-12-17,16,2.24,0,4.0,0.0,12,51,5.0,0.0,11617,3,0.0,4
2015-12-18,19,2.24,0,16.0,4.0,12,51,9.75,0.0,11636,4,0.0,4
2015-12-19,29,2.24,0,19.0,16.0,12,51,17.0,0.0,11665,5,0.0,4
2015-12-20,0,2.24,0,29.0,19.0,12,51,16.0,0.0,11665,6,0.0,4
2015-12-21,23,2.24,0,0.0,29.0,12,52,17.75,0.0,11688,0,0.0,4
2015-12-22,26,2.24,0,23.0,0.0,12,52,19.5,0.0,11714,1,0.0,4
2015-12-23,18,2.24,0,26.0,23.0,12,52,16.75,0.0,11732,2,0.0,4
2015-12-24,22,2.24,0,18.0,26.0,12,52,22.25,0.0,11754,3,0.0,4
2015-12-25,0,2.24,0,22.0,18.0,12,52,16.5,0.0,11754,4,0.0,4
2015-12-26,5,2.24,0,0.0,22.0,12,52,11.25,0.0,11759,5,0.0,4
2015-12-27,0,2.24,0,5.0,0.0,12,52,6.75,0.0,11759,6,0.0,4
2015-12-28,16,2.24,0,0.0,5.0,12,53,5.25,0.0,11775,0,0.0,4
2015-12-29,20,2.24,0,16.0,0.0,12,53,10.25,0.0,11795,1,0.0,4
2015-12-30,9,2.24,0,20.0,16.0,12,53,11.25,0.0,11804,2,0.0,4
2015-12-31,20,2.24,0,9.0,20.0,12,53,16.25,0.0,11824,3,0.0,4
2016-01-01,7,2.24,1,20.0,9.0,1,53,14.0,2.24,11831,4,0.0,1
2016-01-02,22,2.24,1,7.0,20.0,1,53,14.5,2.24,11853,5,0.0,1
2016-01-03,0,2.24,1,22.0,7.0,1,53,12.25,2.24,11853,6,0.0,1
2016-01-04,16,2.24,1,0.0,22.0,1,1,11.25,2.24,11869,0,0.0,1
2016-01-05,7,2.24,1,16.0,0.0,1,1,11.25,2.24,11876,1,0.0,1
2016-01-06,20,2.24,1,7.0,16.0,1,1,10.75,2.24,11896,2,0.0,1
2016-01-07,12,2.24,1,20.0,7.0,1,1,13.75,2.24,11908,3,0.0,1
2016-01-08,14,2.24,1,12.0,20.0,1,1,13.25,2.24,11922,4,0.0,1
2016-01-09,27,2.24,1,14.0,12.0,1,1,18.25,2.24,11949,5,0.0,1
2016-01-10,0,2.24,1,27.0,14.0,1,1,13.25,2.24,11949,6,0.0,1
2016-01-11,9,2.24,0,0.0,27.0,1,2,12.5,0.0,11958,0,0.0,1
2016-01-12,8,2.24,0,9.0,0.0,1,2,11.0,0.0,11966,1,0.0,1
2016-01-13,12,2.24,0,8.0,9.0,1,2,7.25,0.0,11978,2,0.0,1
2016-01-14,9,2.24,0,12.0,8.0,1,2,9.5,0.0,11987,3,0.0,1
2016-01-15,8,2.24,0,9.0,12.0,1,2,9.25,0.0,11995,4,0.0,1
2016-01-16,23,2.24,0,8.0,9.0,1,2,13.0,0.0,12018,5,0.0,1
2016-01-17,17,2.24,0,23.0,8.0,1,2,14.25,0.0,12035,6,0.0,1
2016-01-18,9,2.24,0,17.0,23.0,1,3,14.25,0.0,12044,0,0.0,1
2016-01-19,8,2.24,0,9.0,17.0,1,3,14.25,0.0,12052,1,0.0,1
2016-01-20,8,2.24,0,8.0,9.0,1,3,10.5,0.0,12060,2,0.0,1
2016-01-21,13,2.24,0,8.0,8.0,1,3,9.5,0.0,12073,3,0.0,1
2016-01-22,8,2.24,0,13.0,8.0,1,3,9.25,0.0,12081,4,0.0,1
2016-01-23,27,2.24,0,8.0,13.0,1,3,14.0,0.0,12108,5,0.0,1
2016-01-24,7,2.24,0,27.0,8.0,1,3,13.75,0.0,12115,6,0.0,1
2016-01-25,10,2.24,0,7.0,27.0,1,4,13.0,0.0,12125,0,0.0,1
2016-01-26,12,2.24,0,10.0,7.0,1,4,14.0,0.0,12137,1,0.0,1
2016-01-27,7,2.24,0,12.0,10.0,1,4,9.0,0.0,12144,2,0.0,1
2016-01-28,18,2.24,0,7.0,12.0,1,4,11.75,0.0,12162,3,0.0,1
2016-01-29,12,2.24,0,18.0,7.0,1,4,12.25,0.0,12174,4,0.0,1
2016-01-30,19,2.24,0,12.0,18.0,1,4,14.0,0.0,12193,5,0.0,1
2016-01-31,17,2.24,0,19.0,12.0,1,4,16.5,0.0,12210,6,0.0,1
2016-02-01,7,2.24,1,17.0,19.0,2,5,13.75,2.24,12217,0,0.0,1
2016-02-02,8,2.24,1,7.0,17.0,2,5,12.75,2.24,12225,1,0.0,1
2016-02-03,9,2.24,1,8.0,7.0,2,5,10.25,2.24,12234,2,0.0,1
2016-02-04,15,2.24,1,9.0,8.0,2,5,9.75,2.24,12249,3,0.0,1
2016-02-05,21,2.24,1,15.0,9.0,2,5,13.25,2.24,12270,4,0.0,1
2016-02-06,14,2.24,1,21.0,15.0,2,5,14.75,2.24,12284,5,0.0,1
2016-02-07,0,2.24,1,14.0,21.0,2,5,12.5,2.24,12284,6,0.0,1
2016-02-08,17,2.24,1,0.0,14.0,2,6,13.0,2.24,12301,0,0.0,1
2016-02-09,15,2.24,1,17.0,0.0,2,6,11.5,2.24,12316,1,0.0,1
2016-02-10,16,2.24,1,15.0,17.0,2,6,12.0,2.24,12332,2,0.0,1
2016-02-11,0,2.24,0,16.0,15.0,2,6,12.0,0.0,12332,3,0.0,1
2016-02-12,0,2.24,0,0.0,16.0,2,6,7.75,0.0,12332,4,0.0,1
2016-02-13,24,2.24,0,0.0,0.0,2,6,10.0,0.0,12356,5,0.0,1
2016-02-14,19,2.24,0,24.0,0.0,2,6,10.75,0.0,12375,6,0.0,1
2016-02-15,4,2.24,0,19.0,24.0,2,7,11.75,0.0,12379,0,0.0,1
2016-02-16,0,2.24,0,4.0,19.0,2,7,11.75,0.0,12379,1,0.0,1
2016-02-17,6,2.24,0,0.0,4.0,2,7,7.25,0.0,12385,2,0.0,1
2016-02-18,14,2.24,0,6.0,0.0,2,7,6.0,0.0,12399,3,0.0,1
2016-02-19,14,2.24,0,14.0,6.0,2,7,8.5,0.0,12413,4,0.0,1
2016-02-20,12,2.24,0,14.0,14.0,2,7,11.5,0.0,12425,5,0.0,1
2016-02-21,2,2.24,0,12.0,14.0,2,7,10.5,0.0,12427,6,0.0,1
2016-02-22,12,2.24,0,2.0,12.0,2,8,10.0,0.0,12439,0,0.0,1
2016-02-23,13,2.24,0,12.0,2.0,2,8,9.75,0.0,12452,1,0.0,1
2016-02-24,7,2.24,0,13.0,12.0,2,8,8.5,0.0,12459,2,0.0,1
2016-02-25,7,2.24,0,7.0,13.0,2,8,9.75,0.0,12466,3,0.0,1
2016-02-26,14,2.24,0,7.0,7.0,2,8,10.25,0.0,12480,4,0.0,1
2016-02-27,24,2.24,0,14.0,7.0,2,8,13.0,0.0,12504,5,0.0,1
2016-02-28,20,2.24,0,24.0,14.0,2,8,16.25,0.0,12524,6,0.0,1
2016-02-29,12,2.24,0,20.0,24.0,2,9,17.5,0.0,12536,0,0.0,1
2016-03-01,10,2.24,1,12.0,20.0,3,9,16.5,2.24,12546,1,0.0,1
2016-03-02,6,2.24,1,10.0,12.0,3,9,12.0,2.24,12552,2,0.0,1
2016-03-03,14,2.24,1,6.0,10.0,3,9,10.5,2.24,12566,3,0.0,1
2016-03-04,10,2.24,1,14.0,6.0,3,9,10.0,2.24,12576,4,0.0,1
2016-03-05,23,2.24,1,10.0,14.0,3,9,13.25,2.24,12599,5,0.0,1
2016-03-06,16,2.24,1,23.0,10.0,3,9,15.75,2.24,12615,6,0.0,1
2016-03-07,4,2.24,1,16.0,23.0,3,10,13.25,2.24,12619,0,0.0,1
2016-03-08,0,2.24,1,4.0,16.0,3,10,10.75,2.24,12619,1,0.0,1
2016-03-09,13,2.24,1,0.0,4.0,3,10,8.25,2.24,12632,2,0.0,1
2016-03-10,4,2.24,1,13.0,0.0,3,10,5.25,2.24,12636,3,0.0,1
2016-03-11,8,2.24,0,4.0,13.0,3,10,6.25,0.0,12644,4,0.0,1
2016-03-12,12,2.24,0,8.0,4.0,3,10,9.25,0.0,12656,5,0.0,1
2016-03-13,9,2.24,0,12.0,8.0,3,10,8.25,0.0,12665,6,0.0,1
2016-03-14,7,2.24,0,9.0,12.0,3,11,9.0,0.0,12672,0,0.0,1
2016-03-15,12,2.24,0,7.0,9.0,3,11,10.0,0.0,12684,1,0.0,1
2016-03-16,5,2.24,0,12.0,7.0,3,11,8.25,0.0,12689,2,0.0,1
2016-03-17,9,2.24,0,5.0,12.0,3,11,8.25,0.0,12698,3,0.0,1
2016-03-18,14,2.24,0,9.0,5.0,3,11,10.0,0.0,12712,4,0.0,1
2016-03-19,1,2.24,0,14.0,9.0,3,11,7.25,0.0,12713,5,0.0,1
2016-03-20,0,2.24,0,1.0,14.0,3,11,6.0,0.0,12713,6,0.0,1
2016-03-21,0,2.24,0,0.0,1.0,3,12,3.75,0.0,12713,0,0.0,1
2016-03-22,12,2.24,0,0.0,0.0,3,12,3.25,0.0,12725,1,0.0,1
2016-03-23,2,2.24,0,12.0,0.0,3,12,3.5,0.0,12727,2,0.0,1
2016-03-24,6,2.24,0,2.0,12.0,3,12,5.0,0.0,12733,3,0.0,1
2016-03-25,12,2.24,0,6.0,2.0,3,12,8.0,0.0,12745,4,0.0,1
2016-03-26,11,2.24,0,12.0,6.0,3,12,7.75,0.0,12756,5,0.0,1
2016-03-27,5,2.24,0,11.0,12.0,3,12,8.5,0.0,12761,6,0.0,1
2016-03-28,1,2.24,0,5.0,11.0,3,13,7.25,0.0,12762,0,0.0,1
2016-03-29,11,2.24,0,1.0,5.0,3,13,7.0,0.0,12773,1,0.0,1
2016-03-30,10,2.24,0,11.0,1.0,3,13,6.75,0.0,12783,2,0.0,1
2016-03-31,7,2.24,0,10.0,11.0,3,13,7.25,0.0,12790,3,0.0,1
2016-04-01,8,2.24,1,7.0,10.0,4,13,9.0,2.24,12798,4,0.0,2
2016-04-02,15,2.24,1,8.0,7.0,4,13,10.0,2.24,12813,5,0.0,2
2016-04-03,17,2.24,1,15.0,8.0,4,13,11.75,2.24,12830,6,0.0,2
2016-04-04,11,2.24,1,17.0,15.0,4,14,12.75,2.24,12841,0,0.0,2
2016-04-05,6,2.24,1,11.0,17.0,4,14,12.25,2.24,12847,1,0.0,2
2016-04-06,14,2.24,1,6.0,11.0,4,14,12.0,2.24,12861,2,0.0,2
2016-04-07,3,2.24,1,14.0,6.0,4,14,8.5,2.24,12864,3,0.0,2
2016-04-08,8,2.24,1,3.0,14.0,4,14,7.75,2.24,12872,4,0.0,2
2016-04-09,16,2.24,1,8.0,3.0,4,14,10.25,2.24,12888,5,0.0,2
2016-04-10,15,2.24,1,16.0,8.0,4,14,10.5,2.24,12903,6,0.0,2
2016-04-11,2,2.24,0,15.0,16.0,4,15,10.25,0.0,12905,0,0.0,2
2016-04-12,14,2.24,0,2.0,15.0,4,15,11.75,0.0,12919,1,0.0,2
2016-04-13,10,2.24,0,14.0,2.0,4,15,10.25,0.0,12929,2,0.0,2
2016-04-14,10,2.24,0,10.0,14.0,4,15,9.0,0.0,12939,3,0.0,2
2016-04-15,8,2.24,0,10.0,10.0,4,15,10.5,0.0,12947,4,0.0,2
2016-04-16,5,2.24,0,8.0,10.0,4,15,8.25,0.0,12952,5,0.0,2
2016-04-17,11,2.24,0,5.0,8.0,4,15,8.5,0.0,12963,6,0.0,2
2016-04-18,12,2.24,0,11.0,5.0,4,16,9.0,0.0,12975,0,0.0,2
2016-04-19,1,2.24,0,12.0,11.0,4,16,7.25,0.0,12976,1,0.0,2
2016-04-20,11,2.24,0,1.0,12.0,4,16,8.75,0.0,12987,2,0.0,2
2016-04-21,4,2.24,0,11.0,1.0,4,16,7.0,0.0,12991,3,0.0,2
2016-04-22,23,2.24,0,4.0,11.0,4,16,9.75,0.0,13014,4,0.0,2
2016-04-23,11,2.24,0,23.0,4.0,4,16,12.25,0.0,13025,5,0.0,2
2016-04-24,11,2.24,0,11.0,23.0,4,16,12.25,0.0,13036,6,0.0,2
2016-04-25,13,2.24,0,11.0,11.0,4,17,14.5,0.0,13049,0,0.0,2
2016-04-26,9,2.24,0,13.0,11.0,4,17,11.0,0.0,13058,1,0.0,2
2016-04-27,7,2.24,0,9.0,13.0,4,17,10.0,0.0,13065,2,0.0,2
2016-04-28,8,2.24,0,7.0,9.0,4,17,9.25,0.0,13073,3,0.0,2
2016-04-29,13,2.24,0,8.0,7.0,4,17,9.25,0.0,13086,4,0.0,2
2016-04-30,12,2.24,0,13.0,8.0,4,17,10.0,0.0,13098,5,0.0,2
2016-05-01,15,2.24,1,12.0,13.0,5,17,12.0,2.24,13113,6,0.0,2
2016-05-02,15,2.24,1,15.0,12.0,5,18,13.75,2.24,13128,0,0.0,2
2016-05-03,12,2.24,1,15.0,15.0,5,18,13.5,2.24,13140,1,0.0,2
2016-05-04,14,2.24,1,12.0,15.0,5,18,14.0,2.24,13154,2,0.0,2
2016-05-05,15,2.24,1,14.0,12.0,5,18,14.0,2.24,13169,3,0.0,2
2016-05-06,19,2.24,1,15.0,14.0,5,18,15.0,2.24,13188,4,0.0,2
2016-05-07,4,2.24,1,19.0,15.0,5,18,13.0,2.24,13192,5,0.0,2
2016-05-08,9,2.24,1,4.0,19.0,5,18,11.75,2.24,13201,6,0.0,2
2016-05-09,8,2.24,1,9.0,4.0,5,19,10.0,2.24,13209,0,0.0,2
2016-05-10,9,2.24,1,8.0,9.0,5,19,7.5,2.24,13218,1,0.0,2
2016-05-11,13,2.24,0,9.0,8.0,5,19,9.75,0.0,13231,2,0.0,2
2016-05-12,6,2.24,0,13.0,9.0,5,19,9.0,0.0,13237,3,0.0,2
2016-05-13,21,2.24,0,6.0,13.0,5,19,12.25,0.0,13258,4,0.0,2
2016-05-14,13,2.24,0,21.0,6.0,5,19,13.25,0.0,13271,5,0.0,2
2016-05-15,18,2.24,0,13.0,21.0,5,19,14.5,0.0,13289,6,0.0,2
2016-05-16,9,2.24,0,18.0,13.0,5,20,15.25,0.0,13298,0,0.0,2
2016-05-17,12,2.24,0,9.0,18.0,5,20,13.0,0.0,13310,1,0.0,2
2016-05-18,10,2.24,0,12.0,9.0,5,20,12.25,0.0,13320,2,0.0,2
2016-05-19,9,2.24,0,10.0,12.0,5,20,10.0,0.0,13329,3,0.0,2
2016-05-20,8,2.24,0,9.0,10.0,5,20,9.75,0.0,13337,4,0.0,2
2016-05-21,11,2.24,0,8.0,9.0,5,20,9.5,0.0,13348,5,0.0,2
2016-05-22,9,2.24,0,11.0,8.0,5,20,9.25,0.0,13357,6,0.0,2
